CATEGORY,SECTION,AVG_QTY_STRUK_MONTH_BEFORE,AVG_QTY_STRUK_MONTH_AFTER,AVG_QTY_STRUK_MONTH_GROWTH,AVG_STRUK_MONTH_BEFORE,AVG_STRUK_MONTH_AFTER,AVG_STRUK_MONTH_GROWTH,PURCHASE_FREQUENCY_BEFORE,PURCHASE_FREQUENCY_AFTER,PURCHASE_FREQUENCY_GROWTH,SPT_BEFORE,SPT_AFTER,SPT_GROWTH,SPB_BEFORE,SPB_AFTER,SPB_GROWTH,BUYER_COUNT_BEFORE,BUYER_COUNT_AFTER,BUYER_COUNT_GROWTH,TRANSACTION_PENETRATION_BEFORE,TRANSACTION_PENETRATION_AFTER,TRANSACTION_PENETRATION_GROWTH,BUYER_PROMO_BEFORE,BUYER_PROMO_AFTER,BUYER_NON_PROMO_BEFORE,BUYER_NON_PROMO_AFTER,PROMO_SHARE_BEFORE,PROMO_SHARE_AFTER,NON_PROMO_SHARE_BEFORE,NON_PROMO_SHARE_AFTER
1511 - RICE,-,1.07,,,20.5,,,1.46,,,165268.0,,,241291.0,,,28.0,,,0.0769,,,0.0,,28.0,,0.0,,1.0,
4251 - CLEANING EQUIPMENT,-,1.0,1.0,0.0,5.5,4.67,-0.1509,1.0,1.0,0.0,9300.0,9300.0,0.0,9300.0,9300.0,0.0,11.0,14.0,0.2727,0.0206,0.0164,-0.2039,0.0,0.0,11.0,14.0,0.0,0.0,1.0,1.0
6235 - FROZEN MEAT BALLS,-,1.05,1.09,0.0381,80.5,80.67,0.0021,1.11,1.16,0.045,34109.0,35797.0,0.0495,37861.0,41525.0,0.0968,145.0,208.0,0.4345,0.3021,0.2834,-0.0619,88.0,120.0,64.0,102.0,0.5789,0.5405,0.4211,0.4595
6236 - FROZEN SAUSAGES,-,1.04,1.05,0.0096,167.5,206.67,0.2339,1.12,1.19,0.0625,42284.0,40801.0,-0.0351,47358.0,48553.0,0.0252,298.0,520.0,0.745,0.6285,0.726,0.1551,140.0,229.0,170.0,328.0,0.4516,0.4111,0.5484,0.5889
4641 - ACCESSORIES TRAVEL,ACCESSORIES,1.29,1.04,-0.1938,3.5,8.0,1.2857,1.17,1.0,-0.1453,29871.0,27875.0,-0.0668,34949.0,27875.0,-0.2024,6.0,24.0,3.0,0.0179,0.0429,1.3966,0.0,0.0,6.0,24.0,0.0,0.0,1.0,1.0
5521 - BABIES & CHILDREN SOCK,ACCESSORIES,1.0,1.0,0.0,4.5,3.67,-0.1844,1.0,1.0,0.0,21122.0,19173.0,-0.0923,21122.0,19173.0,-0.0923,9.0,11.0,0.2222,0.0231,0.0196,-0.1515,0.0,1.0,9.0,10.0,0.0,0.0909,1.0,0.9091
5523 - MENS SOCK,ACCESSORIES,1.11,1.1,-0.009,30.5,30.0,-0.0164,1.02,1.07,0.049,22638.0,25026.0,0.1055,23091.0,26778.0,0.1597,60.0,84.0,0.4,0.1564,0.1607,0.0275,24.0,26.0,38.0,59.0,0.3871,0.3059,0.6129,0.6941
5811 - COMB,ACCESSORIES,1.05,1.04,-0.0095,41.0,39.67,-0.0324,1.01,1.03,0.0198,15082.0,15233.0,0.01,15233.0,15690.0,0.03,81.0,115.0,0.4198,0.2103,0.2125,0.0105,4.0,0.0,77.0,115.0,0.0494,0.0,0.9506,1.0
5812 - HAIR ACCESSORIES,ACCESSORIES,1.1,1.07,-0.0273,49.5,46.33,-0.064,1.02,1.05,0.0294,19463.0,22799.0,0.1714,19852.0,23939.0,0.2059,97.0,132.0,0.3608,0.2538,0.2482,-0.0221,19.0,8.0,82.0,124.0,0.1881,0.0606,0.8119,0.9394
5813 - PIN & SCISSORS NAIL,ACCESSORIES,1.0,1.03,0.03,48.0,43.67,-0.0902,1.01,1.01,0.0,20351.0,21166.0,0.04,20555.0,21378.0,0.04,95.0,130.0,0.3684,0.2462,0.2339,-0.05,3.0,0.0,92.0,130.0,0.0316,0.0,0.9684,1.0
5814 - BEAUTY ACCESSORIES,ACCESSORIES,1.06,1.15,0.0849,16.0,15.33,-0.0419,1.03,1.02,-0.0097,14491.0,13254.0,-0.0854,14926.0,13519.0,-0.0943,31.0,45.0,0.4516,0.0821,0.0821,0.0,3.0,10.0,28.0,37.0,0.0968,0.2128,0.9032,0.7872
5911 - HAIR ACCESSORIES IMPORT,ACCESSORIES,1.0,1.07,0.07,6.0,4.67,-0.2217,1.0,1.0,0.0,20283.0,26800.0,0.3213,20283.0,26800.0,0.3213,12.0,14.0,0.1667,0.0308,0.025,-0.1883,6.0,0.0,6.0,14.0,0.5,0.0,0.5,1.0
4741 - CAR AIR FRESHENER,AIR FRESHNER,1.31,1.24,-0.0534,426.5,479.33,0.1239,1.1,1.15,0.0455,20241.0,20549.0,0.0152,22265.0,23631.0,0.0614,777.0,1253.0,0.6126,1.0,1.0,0.0,405.0,734.0,430.0,593.0,0.485,0.5531,0.515,0.4469
2411 - SKT (SIGARET KRETEK TANGAN),BACKWALL,1.27,1.35,0.063,1039.5,1120.0,0.0774,1.57,1.82,0.1592,22301.0,23484.0,0.053,35013.0,42741.0,0.2207,1323.0,1846.0,0.3953,0.1885,0.207,0.0981,2.0,6.0,1322.0,1843.0,0.0015,0.0032,0.9985,0.9968
2412 - SKM (SIGARET KRETEK MESIN) LTLN,BACKWALL,1.3,1.28,-0.0154,2371.5,2284.67,-0.0366,1.84,1.98,0.0761,43035.0,42716.0,-0.0074,79184.0,84578.0,0.0681,2575.0,3468.0,0.3468,0.4301,0.4223,-0.0181,3.0,8.0,2574.0,3465.0,0.0012,0.0023,0.9988,0.9977
2413 - SKM (SIGARET KRETEK MESIN) FF,BACKWALL,1.25,1.27,0.016,1529.0,1390.33,-0.0907,1.77,1.96,0.1073,34885.0,36588.0,0.0488,61746.0,71712.0,0.1614,1732.0,2130.0,0.2298,0.2773,0.257,-0.0732,7.0,5.0,1728.0,2129.0,0.004,0.0023,0.996,0.9977
2414 - SPM (SIGARET PUTIH MESIN),BACKWALL,1.28,1.29,0.0078,609.5,642.0,0.0533,1.9,2.14,0.1263,46526.0,46438.0,-0.0019,88399.0,99377.0,0.1242,643.0,898.0,0.3966,0.1105,0.1187,0.0742,9.0,7.0,636.0,894.0,0.014,0.0078,0.986,0.9922
2415 - SIGARET ELEKTRIK,BACKWALL,1.31,1.47,0.1221,218.5,295.67,0.3532,1.49,1.92,0.2886,104073.0,85279.0,-0.1806,155069.0,163736.0,0.0559,294.0,462.0,0.5714,0.0396,0.0547,0.3813,28.0,131.0,294.0,403.0,0.087,0.2453,0.913,0.7547
"2421 - LIGHTER, MATCHES & PAPER",BACKWALL,1.05,1.05,0.0,247.0,232.0,-0.0607,1.13,1.19,0.0531,6683.0,6885.0,0.0302,7552.0,8193.0,0.0849,436.0,585.0,0.3417,0.0448,0.0429,-0.0424,0.0,94.0,436.0,507.0,0.0,0.1564,1.0,0.8436
1113 - MINERAL WATER,BCTB (FLOOR),1.27,1.32,0.0394,396.0,467.0,0.1793,1.33,1.43,0.0752,39813.0,39470.0,-0.0086,52951.0,56442.0,0.0659,596.0,982.0,0.6477,0.0385,0.0436,0.1325,73.0,77.0,537.0,911.0,0.1197,0.0779,0.8803,0.9221
1119 - MINERAL WATER GALON,BCTB (FLOOR),1.38,1.37,-0.0072,8055.0,8581.33,0.0653,2.2,2.72,0.2364,30612.0,30018.0,-0.0194,67346.0,81649.0,0.2124,7325.0,9466.0,0.2923,0.7823,0.8007,0.0235,2475.0,3866.0,6162.0,7488.0,0.2866,0.3405,0.7134,0.6595
6111 - PACK EGG (NEGERI),BCTB (FLOOR),9.5,9.14,-0.0379,243.5,230.67,-0.0527,1.26,1.3,0.0317,31090.0,30384.0,-0.0227,39173.0,39499.0,0.0083,386.0,531.0,0.3756,0.0236,0.0215,-0.089,55.0,81.0,344.0,476.0,0.1378,0.1454,0.8622,0.8546
6112 - BULKY EGG,BCTB (FLOOR),11.16,11.01,-0.0134,1663.5,1542.67,-0.0726,1.57,1.66,0.0573,25911.0,25363.0,-0.0211,40680.0,42103.0,0.035,2125.0,2781.0,0.3087,0.1616,0.1439,-0.1095,639.0,712.0,1628.0,2166.0,0.2819,0.2474,0.7181,0.7526
6121 - PACK EGG (KAMPUNG),BCTB (FLOOR),5.73,5.96,0.0401,169.5,163.33,-0.0364,1.28,1.38,0.0781,24028.0,25033.0,0.0418,30756.0,34546.0,0.1232,264.0,354.0,0.3409,0.0165,0.0152,-0.0788,93.0,132.0,186.0,236.0,0.3333,0.3587,0.6667,0.6413
6131 - SALTY EGG,BCTB (FLOOR),1.35,1.24,-0.0815,55.0,36.33,-0.3395,1.2,1.35,0.125,16011.0,14739.0,-0.0794,19213.0,19898.0,0.0357,92.0,81.0,-0.1196,0.0053,0.0034,-0.3585,7.0,1.0,85.0,80.0,0.0761,0.0123,0.9239,0.9877
1115 - REMEDIES DRINK,BEVERAGES,1.03,1.13,0.0971,120.0,144.33,0.2028,1.06,1.12,0.0566,18834.0,21642.0,0.1491,19964.0,24239.0,0.2141,227.0,385.0,0.696,0.0163,0.0172,0.0552,96.0,163.0,135.0,232.0,0.4156,0.4127,0.5844,0.5873
1121 - DESSERT,BEVERAGES,1.31,1.2,-0.084,320.0,398.0,0.2438,1.16,1.22,0.0517,13210.0,12429.0,-0.0591,15324.0,15163.0,-0.0105,552.0,982.0,0.779,0.0436,0.0475,0.0894,239.0,599.0,347.0,446.0,0.4078,0.5732,0.5922,0.4268
1141 - SYRUP,BEVERAGES,1.22,1.2,-0.0164,136.0,166.67,0.2255,1.06,1.12,0.0566,33064.0,32759.0,-0.0092,35048.0,36690.0,0.0469,256.0,448.0,0.75,0.0185,0.0199,0.0757,11.0,32.0,245.0,421.0,0.043,0.0706,0.957,0.9294
1142 - SQUASH,BEVERAGES,1.37,1.32,-0.0365,63.0,31.0,-0.5079,1.12,1.06,-0.0536,24373.0,24526.0,0.0063,27298.0,25998.0,-0.0476,112.0,88.0,-0.2143,0.0086,0.0037,-0.5698,89.0,1.0,26.0,87.0,0.7739,0.0114,0.2261,0.9886
1144 - POWDER DRINK,BEVERAGES,1.12,1.19,0.0625,29.5,61.67,1.0905,1.11,1.21,0.0901,22210.0,20707.0,-0.0677,24653.0,25055.0,0.0163,53.0,153.0,1.8868,0.004,0.0074,0.85,5.0,118.0,48.0,45.0,0.0943,0.7239,0.9057,0.2761
1154 - RTD TEA,BEVERAGES,1.37,1.32,-0.0365,309.0,223.67,-0.2761,1.33,1.6,0.203,15253.0,14606.0,-0.0424,20286.0,23370.0,0.152,464.0,420.0,-0.0948,0.0421,0.0267,-0.3658,321.0,247.0,186.0,215.0,0.6331,0.5346,0.3669,0.4654
1231 - TRADITIONAL DRINK,BEVERAGES,1.13,1.14,0.0088,189.5,209.0,0.1029,1.13,1.15,0.0177,13480.0,13568.0,0.0065,15232.0,15603.0,0.0244,336.0,545.0,0.622,0.0258,0.0249,-0.0349,144.0,175.0,217.0,394.0,0.3989,0.3076,0.6011,0.6924
2023 - TETRAPACK LIQUID MILK,BEVERAGES,1.52,1.51,-0.0066,6308.0,7298.67,0.157,1.59,1.86,0.1698,31748.0,30742.0,-0.0317,50479.0,57180.0,0.1327,7937.0,11758.0,0.4814,0.8591,0.8704,0.0132,5914.0,9548.0,3063.0,3994.0,0.6588,0.7051,0.3412,0.2949
1311 - JAM,BREAD CORNER (BC),1.09,1.08,-0.0092,435.0,515.33,0.1847,1.13,1.18,0.0442,24159.0,24275.0,0.0048,27300.0,28644.0,0.0492,772.0,1314.0,0.7021,0.0264,0.0297,0.125,248.0,437.0,562.0,949.0,0.3062,0.3153,0.6938,0.6847
1312 - CHOCOLATE SPREAD,BREAD CORNER (BC),1.03,1.03,0.0,508.5,602.67,0.1852,1.14,1.2,0.0526,42122.0,42327.0,0.0049,48019.0,50792.0,0.0577,892.0,1509.0,0.6917,0.0309,0.0347,0.123,612.0,1131.0,306.0,444.0,0.6667,0.7181,0.3333,0.2819
1313 - CHOCO RICE,BREAD CORNER (BC),1.06,1.04,-0.0189,1044.5,983.67,-0.0582,1.2,1.32,0.1,14835.0,16160.0,0.0893,17802.0,21331.0,0.1982,1734.0,2244.0,0.2941,0.0634,0.0567,-0.1057,845.0,495.0,1011.0,1857.0,0.4553,0.2105,0.5447,0.7895
1314 - CHEESE,BREAD CORNER (BC),1.32,1.35,0.0227,2772.5,2923.0,0.0543,1.33,1.46,0.0977,21454.0,21594.0,0.0065,28534.0,31527.0,0.1049,4178.0,6021.0,0.4411,0.1684,0.1684,0.0,3129.0,4701.0,1452.0,2022.0,0.683,0.6992,0.317,0.3008
6611 - BREAD,BREAD CORNER (BC),1.31,1.34,0.0229,12929.0,13570.33,0.0496,1.63,1.87,0.1472,17045.0,17181.0,0.008,27783.0,32128.0,0.1564,15855.0,21732.0,0.3707,0.7853,0.7818,-0.0045,3679.0,5844.0,14254.0,19308.0,0.2052,0.2323,0.7948,0.7677
6612 - CAKE,BREAD CORNER (BC),1.42,1.48,0.0423,1156.5,1383.0,0.1958,1.34,1.51,0.1269,10963.0,11358.0,0.036,14690.0,17151.0,0.1675,1729.0,2745.0,0.5876,0.0702,0.0797,0.1353,445.0,332.0,1448.0,2588.0,0.2351,0.1137,0.7649,0.8863
1111 - ENERGY DRINK,CHILLER,1.46,1.31,-0.1027,203.5,165.67,-0.1859,1.3,1.36,0.0462,11533.0,10084.0,-0.1256,14993.0,13714.0,-0.0853,312.0,366.0,0.1731,0.0076,0.007,-0.0789,229.0,259.0,101.0,139.0,0.6939,0.6508,0.3061,0.3492
1112 - CARBONATED DRINK,CHILLER,1.36,1.51,0.1103,4450.5,2068.33,-0.5353,1.93,1.58,-0.1813,10965.0,12165.0,0.1094,21162.0,19221.0,-0.0917,4622.0,3923.0,-0.1512,0.1659,0.0874,-0.4732,3867.0,2900.0,1067.0,1402.0,0.7837,0.6741,0.2163,0.3259
1113 - MINERAL WATER,CHILLER,3.78,3.63,-0.0397,5634.5,5534.0,-0.0178,1.62,1.76,0.0864,15161.0,15232.0,0.0047,24561.0,26808.0,0.0915,6966.0,9410.0,0.3508,0.21,0.2337,0.1129,4643.0,6514.0,3249.0,4264.0,0.5883,0.6044,0.4117,0.3956
1114 - ISOTONIC DRINK,CHILLER,1.49,1.51,0.0134,1579.0,1586.33,0.0046,1.26,1.33,0.0556,14852.0,16249.0,0.0941,18714.0,21611.0,0.1548,2511.0,3566.0,0.4202,0.0588,0.067,0.1395,1170.0,1819.0,1601.0,2099.0,0.4222,0.4643,0.5778,0.5357
1115 - REMEDIES DRINK,CHILLER,1.8,1.78,-0.0111,1481.5,1564.67,0.0561,1.29,1.4,0.0853,14692.0,14618.0,-0.005,18953.0,20465.0,0.0798,2298.0,3357.0,0.4608,0.0552,0.0661,0.1975,1317.0,1657.0,1297.0,2273.0,0.5038,0.4216,0.4962,0.5784
1116 - VITAMIN DRINK,CHILLER,1.68,1.74,0.0357,829.0,804.67,-0.0293,1.23,1.34,0.0894,13117.0,13729.0,0.0467,16134.0,18397.0,0.1403,1352.0,1807.0,0.3365,0.0309,0.034,0.1003,1017.0,1021.0,462.0,1028.0,0.6876,0.4983,0.3124,0.5017
1117 - YOGHURT BEVERAGE,CHILLER,1.63,1.75,0.0736,235.5,279.33,0.1861,1.21,1.28,0.0579,14322.0,14796.0,0.0331,17330.0,18939.0,0.0928,390.0,653.0,0.6744,0.0088,0.0118,0.3409,339.0,532.0,72.0,202.0,0.8248,0.7248,0.1752,0.2752
1118 - CARBONATED MALT,CHILLER,2.47,2.2,-0.1093,116.0,155.67,0.342,1.15,1.27,0.1043,19605.0,17166.0,-0.1244,22546.0,21801.0,-0.033,202.0,368.0,0.8218,0.0043,0.0066,0.5349,127.0,284.0,92.0,110.0,0.5799,0.7208,0.4201,0.2792
1121 - DESSERT,CHILLER,1.29,1.43,0.1085,181.5,125.0,-0.3113,1.16,1.23,0.0603,10867.0,12037.0,0.1077,12606.0,14806.0,0.1745,312.0,304.0,-0.0256,0.0068,0.0053,-0.2206,215.0,119.0,110.0,205.0,0.6615,0.3673,0.3385,0.6327
1151 - RTD JUICE,CHILLER,1.34,1.69,0.2612,3566.5,1262.0,-0.6462,1.79,1.41,-0.2123,11054.0,15244.0,0.379,19787.0,21494.0,0.0863,3984.0,2685.0,-0.3261,0.1329,0.0533,-0.5989,3412.0,1863.0,772.0,1130.0,0.8155,0.6225,0.1845,0.3775
1154 - RTD TEA,CHILLER,2.01,2.43,0.209,4132.0,2887.0,-0.3013,1.59,1.64,0.0314,9997.0,12694.0,0.2698,15895.0,20818.0,0.3097,5184.0,5268.0,0.0162,0.154,0.1219,-0.2084,3965.0,3448.0,1806.0,2604.0,0.6871,0.5697,0.3129,0.4303
1156 - RTD COFFEE,CHILLER,1.56,1.73,0.109,1822.0,1902.67,0.0443,1.44,1.59,0.1042,11064.0,11798.0,0.0663,15932.0,18759.0,0.1774,2527.0,3582.0,0.4175,0.0679,0.0804,0.1841,1066.0,1907.0,1800.0,2255.0,0.3719,0.4582,0.6281,0.5418
1231 - TRADITIONAL DRINK,CHILLER,1.57,1.15,-0.2675,3.5,4.33,0.2371,1.0,1.08,0.08,15286.0,10531.0,-0.3111,15286.0,11373.0,-0.256,7.0,12.0,0.7143,0.0001,0.0002,1.0,0.0,0.0,7.0,12.0,0.0,0.0,1.0,1.0
2022 - SPECIALTY LIQUID MILK,CHILLER,2.44,2.02,-0.1721,93.0,172.0,0.8495,1.19,1.33,0.1176,23517.0,22463.0,-0.0448,27985.0,29876.0,0.0676,156.0,387.0,1.4808,0.0035,0.0073,1.0857,109.0,266.0,79.0,161.0,0.5798,0.623,0.4202,0.377
2023 - TETRAPACK LIQUID MILK,CHILLER,2.22,2.33,0.0495,5327.5,5369.67,0.0079,1.66,1.86,0.1205,22659.0,20040.0,-0.1156,37614.0,37274.0,-0.009,6420.0,8662.0,0.3492,0.1986,0.2268,0.142,4012.0,5594.0,3690.0,4944.0,0.5209,0.5308,0.4791,0.4692
2024 - BOTTLE - CAN LIQUID MILK,CHILLER,2.31,2.96,0.2814,1835.5,2107.33,0.1481,1.38,1.51,0.0942,23781.0,24828.0,0.044,32818.0,37490.0,0.1424,2653.0,4187.0,0.5782,0.0684,0.089,0.3012,1742.0,2843.0,1234.0,1922.0,0.5853,0.5966,0.4147,0.4034
2025 - PLANT BASED LIQUID MILK,CHILLER,1.66,1.61,-0.0301,677.5,776.67,0.1464,1.34,1.51,0.1269,15689.0,16818.0,0.072,21023.0,25395.0,0.208,1012.0,1544.0,0.5257,0.0253,0.0328,0.2964,355.0,840.0,729.0,924.0,0.3275,0.4762,0.6725,0.5238
6211 - FRESH MILK,CHILLER,1.26,1.23,-0.0238,42.5,32.33,-0.2393,1.25,1.33,0.064,27418.0,24541.0,-0.1049,34272.0,32640.0,-0.0476,68.0,73.0,0.0735,0.0016,0.0014,-0.125,17.0,5.0,56.0,69.0,0.2329,0.0676,0.7671,0.9324
6212 - YOGHURT,CHILLER,2.11,2.21,0.0474,2574.5,2434.0,-0.0546,1.48,1.6,0.0811,14630.0,14247.0,-0.0262,21652.0,22795.0,0.0528,3485.0,4552.0,0.3062,0.096,0.1028,0.0708,1533.0,1923.0,2562.0,3477.0,0.3744,0.3561,0.6256,0.6439
6218 - PUDDING,CHILLER,1.57,1.65,0.051,146.5,287.67,0.9636,1.2,1.29,0.075,11635.0,12284.0,0.0558,13962.0,15846.0,0.1349,245.0,667.0,1.7224,0.0055,0.0122,1.2182,102.0,425.0,160.0,296.0,0.3893,0.5895,0.6107,0.4105
6226 - CHILLED MEAT BALLS,CHILLER,1.55,1.5,-0.0323,523.0,443.67,-0.1517,1.27,1.3,0.0236,13742.0,13370.0,-0.0271,17452.0,17381.0,-0.0041,821.0,1026.0,0.2497,0.0195,0.0187,-0.041,397.0,479.0,483.0,636.0,0.4511,0.4296,0.5489,0.5704
6227 - CHILLED SAUSAGES,CHILLER,1.8,1.86,0.0333,2148.5,2360.0,0.0984,1.37,1.54,0.1241,16239.0,16489.0,0.0154,22247.0,25393.0,0.1414,3147.0,4609.0,0.4646,0.0801,0.0997,0.2447,1344.0,2561.0,2178.0,2814.0,0.3816,0.4765,0.6184,0.5235
6234 - FROZEN SEAFOOD,CHILLER,1.09,1.13,0.0367,17.5,29.0,0.6571,1.03,1.16,0.1262,29777.0,29353.0,-0.0142,30670.0,34049.0,0.1102,34.0,75.0,1.2059,0.0007,0.0012,0.7143,19.0,31.0,17.0,48.0,0.5278,0.3924,0.4722,0.6076
6521 - LOCAL FRUIT,CHILLER,1.53,1.75,0.1438,8.5,4.0,-0.5294,1.13,1.0,-0.115,9176.0,10500.0,0.1443,10369.0,10500.0,0.0126,15.0,12.0,-0.2,0.0003,0.0002,-0.3333,0.0,0.0,15.0,12.0,0.0,0.0,1.0,1.0
6524 - SEASONAL FRUIT,CHILLER,1.19,1.4,0.1765,8.0,3.33,-0.5838,1.07,1.25,0.1682,32444.0,20860.0,-0.357,34715.0,26075.0,-0.2489,15.0,8.0,-0.4667,0.0003,0.0001,-0.6667,2.0,0.0,13.0,8.0,0.1333,0.0,0.8667,1.0
6223 - READY TO COOK,FREEZER NUGGET,1.0,1.05,0.05,7.0,6.33,-0.0957,1.08,1.06,-0.0185,39700.0,41789.0,0.0526,42876.0,44296.0,0.0331,13.0,18.0,0.3846,0.0063,0.0055,-0.127,10.0,9.0,3.0,10.0,0.7692,0.4737,0.2308,0.5263
6231 - CHICKEN NUGGET,FREEZER NUGGET,1.12,1.14,0.0179,995.5,1034.0,0.0387,1.25,1.34,0.072,53982.0,54978.0,0.0185,67478.0,73671.0,0.0918,1590.0,2314.0,0.4553,0.8993,0.9007,0.0016,781.0,1218.0,936.0,1337.0,0.4549,0.4767,0.5451,0.5233
6232 - VEGETABLE,FREEZER NUGGET,1.05,1.06,0.0095,133.0,143.33,0.0777,1.11,1.2,0.0811,34545.0,34997.0,0.0131,38345.0,41996.0,0.0952,239.0,358.0,0.4979,0.1201,0.1249,0.04,65.0,87.0,181.0,288.0,0.2642,0.232,0.7358,0.768
6711 - BEEF MEAT,FREEZER NUGGET,1.0,,,0.5,,,1.0,,,37500.0,,,37500.0,,,1.0,,,0.0005,,,0.0,,1.0,,0.0,,1.0,
6721 - BROILER,FREEZER NUGGET,1.0,1.0,0.0,3.5,2.33,-0.3343,1.0,1.4,0.4,61929.0,61643.0,-0.0046,61929.0,86300.0,0.3935,7.0,5.0,-0.2857,0.0032,0.002,-0.375,0.0,0.0,7.0,5.0,0.0,0.0,1.0,1.0
6241 - TAKE HOME ICE CREAM,ICE CREAM,1.11,1.08,-0.027,664.0,758.33,0.1421,1.14,1.2,0.0526,35207.0,33968.0,-0.0352,40136.0,40762.0,0.0156,1165.0,1901.0,0.6318,0.0673,0.0863,0.2823,369.0,836.0,823.0,1136.0,0.3096,0.4239,0.6904,0.5761
6242 - IMPULSE ICE CREAM,ICE CREAM,2.66,2.51,-0.0564,9393.5,8236.33,-0.1232,1.57,1.68,0.0701,19441.0,18263.0,-0.0606,30522.0,30682.0,0.0052,11997.0,14678.0,0.2235,0.9519,0.9372,-0.0154,4910.0,4902.0,9625.0,12613.0,0.3378,0.2799,0.6622,0.7201
3111 - ANALGESIC,MEDICINE & BABY CARE,1.63,1.41,-0.135,170.0,368.33,1.1666,1.26,1.23,-0.0238,12961.0,14048.0,0.0839,16331.0,17279.0,0.058,270.0,899.0,2.3296,0.0206,0.042,1.0388,96.0,166.0,201.0,779.0,0.3232,0.1757,0.6768,0.8243
3112 - ANALGESIC & COLD REMEDIES,MEDICINE & BABY CARE,1.46,1.37,-0.0616,98.5,237.67,1.4129,1.19,1.2,0.0084,7760.0,8356.0,0.0768,9234.0,10027.0,0.0859,165.0,594.0,2.6,0.0119,0.0271,1.2773,3.0,46.0,162.0,556.0,0.0182,0.0764,0.9818,0.9236
3113 - ANTACIDS,MEDICINE & BABY CARE,1.77,1.49,-0.1582,179.0,190.67,0.0652,1.17,1.16,-0.0085,10007.0,11921.0,0.1913,11708.0,13828.0,0.1811,305.0,492.0,0.6131,0.0217,0.0217,0.0,148.0,158.0,176.0,360.0,0.4568,0.305,0.5432,0.695
3114 - KIDS COUGH MEDICINE,MEDICINE & BABY CARE,1.0,1.02,0.02,16.5,34.0,1.0606,1.0,1.09,0.09,21015.0,21590.0,0.0274,21015.0,23533.0,0.1198,33.0,94.0,1.8485,0.002,0.0039,0.95,2.0,54.0,31.0,41.0,0.0606,0.5684,0.9394,0.4316
3115 - ADULT COUGH MEDICINE,MEDICINE & BABY CARE,1.44,1.33,-0.0764,309.0,416.33,0.3473,1.14,1.19,0.0439,22644.0,22565.0,-0.0035,25814.0,26852.0,0.0402,540.0,1050.0,0.9444,0.0374,0.0475,0.2701,261.0,436.0,315.0,689.0,0.4531,0.3876,0.5469,0.6124
3116 - DIARRHEA & CONSTIPATION,MEDICINE & BABY CARE,1.51,1.33,-0.1192,145.5,166.33,0.1432,1.13,1.25,0.1062,18721.0,15311.0,-0.1821,21155.0,19139.0,-0.0953,257.0,398.0,0.5486,0.0176,0.019,0.0795,67.0,77.0,198.0,330.0,0.2528,0.1892,0.7472,0.8108
3118 - ADULT VITAMINS/SUPLEMENT,MEDICINE & BABY CARE,1.51,1.57,0.0397,690.0,713.67,0.0343,1.23,1.29,0.0488,23543.0,24231.0,0.0292,28958.0,31258.0,0.0794,1125.0,1656.0,0.472,0.0835,0.0814,-0.0251,433.0,826.0,777.0,1013.0,0.3579,0.4492,0.6421,0.5508
3119 - ATHELMINTICS,MEDICINE & BABY CARE,1.07,1.1,0.028,7.5,24.0,2.2,1.0,1.03,0.03,24747.0,26296.0,0.0626,24747.0,27085.0,0.0945,15.0,70.0,3.6667,0.0009,0.0027,2.0,1.0,0.0,14.0,70.0,0.0667,0.0,0.9333,1.0
3121 - PLESTER,MEDICINE & BABY CARE,1.64,1.47,-0.1037,683.0,734.33,0.0752,1.13,1.19,0.0531,19595.0,17596.0,-0.102,22142.0,20939.0,-0.0543,1209.0,1856.0,0.5352,0.0826,0.0837,0.0133,694.0,1231.0,611.0,800.0,0.5318,0.6061,0.4682,0.3939
3123 - ANTISEPTIC,MEDICINE & BABY CARE,1.2,1.05,-0.125,41.5,50.0,0.2048,1.06,1.04,-0.0189,31117.0,28582.0,-0.0815,32984.0,29725.0,-0.0988,78.0,144.0,0.8462,0.005,0.0057,0.14,33.0,51.0,45.0,97.0,0.4231,0.3446,0.5769,0.6554
3124 - EYE DROPS,MEDICINE & BABY CARE,1.0,1.01,0.01,14.5,51.0,2.5172,1.07,1.02,-0.0467,18686.0,19447.0,0.0407,19994.0,19836.0,-0.0079,27.0,150.0,4.5556,0.0018,0.0058,2.2222,4.0,68.0,23.0,84.0,0.1481,0.4474,0.8519,0.5526
"3125 - SALVE, BALM, CREAM & LIQ MEDICINE",MEDICINE & BABY CARE,1.09,1.06,-0.0275,216.5,231.0,0.067,1.06,1.09,0.0283,28301.0,28685.0,0.0136,29999.0,31267.0,0.0423,407.0,634.0,0.5577,0.0262,0.0263,0.0038,225.0,346.0,196.0,310.0,0.5344,0.5274,0.4656,0.4726
3127 - FUNGICIDES,MEDICINE & BABY CARE,1.05,1.05,0.0,20.5,18.67,-0.0893,1.0,1.04,0.04,17412.0,17832.0,0.0241,17412.0,18545.0,0.0651,41.0,54.0,0.3171,0.0025,0.0021,-0.16,6.0,3.0,35.0,51.0,0.1463,0.0556,0.8537,0.9444
3131 - TRADITIONAL & CHINESE,MEDICINE & BABY CARE,1.61,1.61,0.0,1091.5,1192.0,0.0921,1.2,1.28,0.0667,21371.0,20242.0,-0.0528,25645.0,25910.0,0.0103,1826.0,2790.0,0.5279,0.132,0.1359,0.0295,915.0,1606.0,1112.0,1470.0,0.4514,0.5221,0.5486,0.4779
3132 - TELON OIL,MEDICINE & BABY CARE,1.1,1.13,0.0273,718.0,676.0,-0.0585,1.17,1.26,0.0769,30908.0,31855.0,0.0306,36162.0,40137.0,0.1099,1227.0,1613.0,0.3146,0.0869,0.0771,-0.1128,1179.0,1291.0,61.0,421.0,0.9508,0.7541,0.0492,0.2459
3133 - CAJUPUTI OIL,MEDICINE & BABY CARE,1.13,1.15,0.0177,479.0,444.33,-0.0724,1.17,1.22,0.0427,26955.0,29268.0,0.0858,31537.0,35707.0,0.1322,817.0,1093.0,0.3378,0.0579,0.0507,-0.1244,686.0,900.0,158.0,241.0,0.8128,0.7888,0.1872,0.2112
3141 - HONEY,MEDICINE & BABY CARE,1.05,1.04,-0.0095,154.0,158.33,0.0281,1.07,1.11,0.0374,30182.0,33308.0,0.1036,32295.0,36972.0,0.1448,287.0,427.0,0.4878,0.0186,0.0181,-0.0269,177.0,195.0,117.0,250.0,0.602,0.4382,0.398,0.5618
3258 - TALCUM POWDER,MEDICINE & BABY CARE,1.04,1.0,-0.0385,25.5,24.0,-0.0588,1.04,1.09,0.0481,22641.0,21049.0,-0.0703,23547.0,22943.0,-0.0257,49.0,66.0,0.3469,0.0031,0.0027,-0.129,24.0,14.0,26.0,53.0,0.48,0.209,0.52,0.791
3313 - WET TISSUE,MEDICINE & BABY CARE,1.26,1.31,0.0397,1571.5,1531.67,-0.0253,1.35,1.5,0.1111,18972.0,19477.0,0.0266,25612.0,29216.0,0.1407,2322.0,3059.0,0.3174,0.1901,0.1747,-0.081,2056.0,2688.0,326.0,542.0,0.8631,0.8322,0.1369,0.1678
3333 - BABY COTTON,MEDICINE & BABY CARE,1.15,1.13,-0.0174,391.5,397.0,0.014,1.05,1.11,0.0571,7996.0,7890.0,-0.0133,8396.0,8758.0,0.0431,743.0,1070.0,0.4401,0.0474,0.0453,-0.0443,38.0,48.0,708.0,1026.0,0.0509,0.0447,0.9491,0.9553
3334 - REGULER COTTON BUD,MEDICINE & BABY CARE,1.1,1.15,0.0455,371.5,364.0,-0.0202,1.05,1.08,0.0286,8481.0,8805.0,0.0382,8905.0,9509.0,0.0678,707.0,1013.0,0.4328,0.0449,0.0415,-0.0757,26.0,40.0,682.0,978.0,0.0367,0.0393,0.9633,0.9607
3411 - BABY SHAMPOO,MEDICINE & BABY CARE,1.08,1.11,0.0278,67.0,86.33,0.2885,1.1,1.1,0.0,17690.0,20196.0,0.1417,19459.0,22216.0,0.1417,122.0,235.0,0.9262,0.0081,0.0098,0.2099,93.0,183.0,36.0,59.0,0.7209,0.7562,0.2791,0.2438
3412 - BABY BAR SOAP,MEDICINE & BABY CARE,1.39,1.52,0.0935,113.0,122.67,0.0856,1.14,1.28,0.1228,7549.0,8004.0,0.0603,8606.0,10245.0,0.1904,198.0,287.0,0.4495,0.0137,0.014,0.0219,38.0,162.0,168.0,157.0,0.1845,0.5078,0.8155,0.4922
3413 - BABY COLOGNE,MEDICINE & BABY CARE,1.15,1.08,-0.0609,91.0,98.67,0.0843,1.12,1.23,0.0982,32031.0,30726.0,-0.0407,35875.0,37793.0,0.0535,163.0,240.0,0.4724,0.011,0.0113,0.0273,137.0,191.0,31.0,59.0,0.8155,0.764,0.1845,0.236
3414 - BABY TALCUM POWDER,MEDICINE & BABY CARE,1.15,1.1,-0.0435,193.5,177.67,-0.0818,1.09,1.12,0.0275,14675.0,13872.0,-0.0547,15996.0,15537.0,-0.0287,354.0,478.0,0.3503,0.0234,0.0203,-0.1325,216.0,272.0,149.0,228.0,0.5918,0.544,0.4082,0.456
"3415 - BABY LOTION, OIL & CREAM",MEDICINE & BABY CARE,1.16,1.15,-0.0086,350.5,383.67,0.0946,1.13,1.23,0.0885,28300.0,27360.0,-0.0332,31979.0,33653.0,0.0523,623.0,934.0,0.4992,0.0424,0.0437,0.0307,491.0,761.0,164.0,235.0,0.7496,0.7641,0.2504,0.2359
3416 - BABY LIQUID SOAP,MEDICINE & BABY CARE,1.16,1.18,0.0172,654.0,670.0,0.0245,1.21,1.37,0.1322,35498.0,35613.0,0.0032,42953.0,48790.0,0.1359,1080.0,1472.0,0.363,0.0791,0.0764,-0.0341,969.0,1312.0,156.0,240.0,0.8613,0.8454,0.1387,0.1546
3417 - BABY LIQUID DET & SOFTENER,MEDICINE & BABY CARE,1.59,1.47,-0.0755,37.0,44.33,0.1981,1.12,1.33,0.1875,43151.0,42708.0,-0.0103,48329.0,56802.0,0.1753,66.0,100.0,0.5152,0.0045,0.0051,0.1333,48.0,53.0,20.0,57.0,0.7059,0.4818,0.2941,0.5182
3421 - KIDS SHAMPOO,MEDICINE & BABY CARE,1.15,1.11,-0.0348,196.5,191.67,-0.0246,1.14,1.16,0.0175,19260.0,19122.0,-0.0072,21956.0,22182.0,0.0103,346.0,495.0,0.4306,0.0238,0.0219,-0.0798,262.0,379.0,99.0,131.0,0.7258,0.7431,0.2742,0.2569
3422 - KIDS COLOGNE,MEDICINE & BABY CARE,1.13,1.11,-0.0177,170.5,185.67,0.089,1.16,1.19,0.0259,19898.0,19193.0,-0.0354,23082.0,22840.0,-0.0105,293.0,469.0,0.6007,0.0206,0.0212,0.0291,182.0,276.0,129.0,226.0,0.5852,0.5498,0.4148,0.4502
3423 - KIDS LIQUID SOAP,MEDICINE & BABY CARE,1.16,1.21,0.0431,237.5,245.0,0.0316,1.16,1.31,0.1293,26008.0,25630.0,-0.0145,30169.0,33575.0,0.1129,409.0,562.0,0.3741,0.0287,0.0279,-0.0279,324.0,472.0,101.0,128.0,0.7624,0.7867,0.2376,0.2133
3424 - TOOTH PASTE KIDS,MEDICINE & BABY CARE,1.24,1.26,0.0161,482.0,480.0,-0.0041,1.14,1.24,0.0877,11918.0,12613.0,0.0583,13587.0,15640.0,0.1511,843.0,1163.0,0.3796,0.0583,0.0547,-0.0617,607.0,821.0,290.0,426.0,0.6767,0.6584,0.3233,0.3416
3425 - TOOTH BRUSH KIDS,MEDICINE & BABY CARE,1.22,1.19,-0.0246,335.5,347.0,0.0343,1.06,1.11,0.0472,15572.0,15343.0,-0.0147,16506.0,17031.0,0.0318,632.0,941.0,0.4889,0.0406,0.0396,-0.0246,505.0,692.0,155.0,308.0,0.7652,0.692,0.2348,0.308
3426 - KIDS HAIR VITAMIN,MEDICINE & BABY CARE,1.0,1.04,0.04,12.0,18.0,0.5,1.0,1.04,0.04,15567.0,16157.0,0.0379,15567.0,16803.0,0.0794,24.0,52.0,1.1667,0.0015,0.0021,0.4,21.0,43.0,3.0,9.0,0.875,0.8269,0.125,0.1731
3441 - MOTHER CARE,MEDICINE & BABY CARE,,1.0,,,0.33,,,1.0,,,65500.0,,,65500.0,,,1.0,,,0.0,,,0.0,,1.0,,0.0,,1.0
"3443 - NURSING, BOTTLE & PACIFIER",MEDICINE & BABY CARE,1.09,1.16,0.0642,63.5,65.33,0.0288,1.08,1.12,0.037,48363.0,53170.0,0.0994,52232.0,59550.0,0.1401,118.0,175.0,0.4831,0.0077,0.0074,-0.039,50.0,88.0,75.0,105.0,0.4,0.456,0.6,0.544
3444 - BABY EQUIPMENT,MEDICINE & BABY CARE,4.71,4.42,-0.0616,19.0,19.67,0.0353,1.41,1.59,0.1277,154629.0,138515.0,-0.1042,218027.0,220239.0,0.0101,27.0,37.0,0.3704,0.0023,0.0022,-0.0435,22.0,20.0,5.0,18.0,0.8148,0.5263,0.1852,0.4737
3446 - BABY LIQUID CLEANSER,MEDICINE & BABY CARE,1.16,1.1,-0.0517,211.0,203.33,-0.0364,1.22,1.37,0.123,25764.0,25649.0,-0.0045,31432.0,35139.0,0.1179,345.0,444.0,0.287,0.0255,0.0232,-0.0902,267.0,267.0,100.0,206.0,0.7275,0.5645,0.2725,0.4355
2321 - POCKET CANDY,MEJA KASIR,1.44,1.57,0.0903,5238.5,4527.33,-0.1358,1.39,1.49,0.0719,9580.0,11361.0,0.1859,13316.0,16928.0,0.2713,7555.0,9110.0,0.2058,0.4064,0.3997,-0.0165,4312.0,4077.0,4399.0,6570.0,0.495,0.3829,0.505,0.6171
2332 - BLOCK CHOCOLATE,MEJA KASIR,1.54,1.39,-0.0974,3397.5,2321.67,-0.3167,1.29,1.33,0.031,28049.0,24412.0,-0.1297,36183.0,32468.0,-0.1027,5268.0,5242.0,-0.0049,0.2636,0.2049,-0.2227,3604.0,2860.0,2122.0,2891.0,0.6294,0.4973,0.3706,0.5027
2341 - POCKET CHEWING GUM,MEJA KASIR,1.37,1.16,-0.1533,453.5,416.0,-0.0827,1.1,1.17,0.0636,6696.0,6319.0,-0.0563,7366.0,7393.0,0.0037,821.0,1066.0,0.2984,0.0352,0.0367,0.0426,215.0,57.0,643.0,1017.0,0.2506,0.0531,0.7494,0.9469
2342 - BOTTLE CHEWING GUM,MEJA KASIR,1.06,1.06,0.0,191.0,267.0,0.3979,1.1,1.16,0.0545,14167.0,14307.0,0.0099,15584.0,16596.0,0.0649,346.0,692.0,1.0,0.0148,0.0236,0.5946,93.0,159.0,262.0,567.0,0.262,0.219,0.738,0.781
2343 - BAG CHEWING GUM,MEJA KASIR,1.01,1.11,0.099,34.5,44.33,0.2849,1.23,1.17,-0.0488,15439.0,16566.0,0.073,18990.0,19382.0,0.0206,56.0,114.0,1.0357,0.0027,0.0039,0.4444,0.0,36.0,56.0,82.0,0.0,0.3051,1.0,0.6949
3117 - KIDS VITAMINS,MEJA KASIR,1.19,1.22,0.0252,433.0,386.0,-0.1085,1.25,1.27,0.016,30610.0,30480.0,-0.0042,38262.0,38710.0,0.0117,692.0,915.0,0.3223,0.0336,0.0341,0.0149,554.0,645.0,167.0,310.0,0.7684,0.6754,0.2316,0.3246
3122 - PREGNANT TEST & CONTRACEPTION,MEJA KASIR,1.26,1.25,-0.0079,724.0,768.67,0.0617,1.22,1.27,0.041,28668.0,26674.0,-0.0696,34975.0,33876.0,-0.0314,1191.0,1814.0,0.5231,0.0562,0.0679,0.2082,435.0,1059.0,903.0,1049.0,0.3251,0.5024,0.6749,0.4976
4111 - ALKALINE,MEJA KASIR,1.15,1.18,0.0261,349.0,328.67,-0.0583,1.06,1.06,0.0,40438.0,41316.0,0.0217,42864.0,43795.0,0.0217,658.0,932.0,0.4164,0.0271,0.029,0.0701,281.0,445.0,404.0,526.0,0.4102,0.4583,0.5898,0.5417
4112 - ZINC CARBON,MEJA KASIR,1.16,1.15,-0.0086,647.0,658.67,0.018,1.05,1.1,0.0476,20873.0,20652.0,-0.0106,21917.0,22717.0,0.0365,1229.0,1798.0,0.463,0.0502,0.0581,0.1574,475.0,1050.0,823.0,859.0,0.3659,0.55,0.6341,0.45
4633 - LEISURE BAG,MEJA KASIR,1.04,1.04,0.0,2384.5,2412.67,0.0118,1.31,1.43,0.0916,3951.0,3846.0,-0.0266,5176.0,5500.0,0.0626,3629.0,5066.0,0.396,0.185,0.213,0.1514,168.0,226.0,3483.0,4892.0,0.046,0.0442,0.954,0.9558
1911 - INSTANT NOODLE BAG,NOODLE,4.15,4.17,0.0048,3056.0,3187.67,0.0431,1.6,1.79,0.1187,17661.0,18203.0,0.0307,28258.0,32583.0,0.1531,3820.0,5335.0,0.3966,0.8484,0.8604,0.0141,2249.0,3386.0,2675.0,3645.0,0.4567,0.4816,0.5433,0.5184
1912 - INSTANT NOODLE CUP,NOODLE,2.21,2.13,-0.0362,495.0,459.67,-0.0714,1.3,1.34,0.0308,13623.0,12770.0,-0.0626,17710.0,17112.0,-0.0338,764.0,1027.0,0.3442,0.1374,0.1241,-0.0968,388.0,575.0,494.0,662.0,0.4399,0.4648,0.5601,0.5352
1913 - INSTANT RICE NOODLE,NOODLE,2.33,2.56,0.0987,131.5,126.0,-0.0418,1.31,1.3,-0.0076,9913.0,10859.0,0.0954,12986.0,14117.0,0.0871,201.0,290.0,0.4428,0.0365,0.034,-0.0685,116.0,61.0,105.0,270.0,0.5249,0.1843,0.4751,0.8157
1914 - PREPARED NOODLE,NOODLE,1.49,1.47,-0.0134,75.0,75.33,0.0044,1.16,1.26,0.0862,10554.0,10612.0,0.0055,12243.0,13371.0,0.0921,129.0,180.0,0.3953,0.0208,0.0203,-0.024,27.0,45.0,112.0,146.0,0.1942,0.2356,0.8058,0.7644
1923 - INSTANT PORRIDGE,NOODLE,2.77,2.56,-0.0758,58.0,66.67,0.1495,1.1,1.2,0.0909,12840.0,11728.0,-0.0866,14124.0,14074.0,-0.0035,105.0,167.0,0.5905,0.0161,0.018,0.118,61.0,44.0,46.0,148.0,0.5701,0.2292,0.4299,0.7708
4314 - STICKER & ALBUM,STICKER,1.18,1.15,-0.0254,22.0,29.0,0.3182,1.0,1.1,0.1,17820.0,18620.0,0.0449,17820.0,20482.0,0.1494,44.0,79.0,0.7955,1.0,1.0,0.0,0.0,12.0,44.0,69.0,0.0,0.1481,1.0,0.8519
3311 - FACIAL TISSUE,TISSUE,1.25,1.27,0.016,4416.0,4114.67,-0.0682,1.29,1.39,0.0775,25459.0,25458.0,-0.0,32842.0,35387.0,0.0775,6854.0,8869.0,0.294,0.8835,0.8823,-0.0014,2739.0,3685.0,4627.0,6033.0,0.3718,0.3792,0.6282,0.6208
3312 - HOUSE HOLD TISSUE,TISSUE,1.22,1.22,0.0,307.5,304.0,-0.0114,1.26,1.37,0.0873,29105.0,28293.0,-0.0279,36672.0,38761.0,0.057,489.0,665.0,0.3599,0.0615,0.0652,0.0602,126.0,173.0,397.0,534.0,0.2409,0.2447,0.7591,0.7553
3313 - WET TISSUE,TISSUE,1.17,1.18,0.0085,519.0,479.67,-0.0758,1.18,1.24,0.0508,19482.0,18806.0,-0.0347,22989.0,23319.0,0.0144,881.0,1165.0,0.3224,0.1038,0.1029,-0.0087,383.0,553.0,529.0,675.0,0.42,0.4503,0.58,0.5497
3123 - ANTISEPTIC,TOOTH CARE,1.11,1.16,0.045,184.0,171.0,-0.0707,1.12,1.16,0.0357,14709.0,15344.0,0.0432,16474.0,17799.0,0.0804,330.0,441.0,0.3364,0.0214,0.0193,-0.0981,130.0,78.0,218.0,381.0,0.3736,0.1699,0.6264,0.8301
3271 - TOOTH BRUSH,TOOTH CARE,1.09,1.1,0.0092,2525.0,2592.0,0.0265,1.08,1.13,0.0463,17723.0,18494.0,0.0435,19141.0,20898.0,0.0918,4666.0,6880.0,0.4745,0.2934,0.2926,-0.0027,3240.0,4883.0,1623.0,2328.0,0.6663,0.6772,0.3337,0.3228
3272 - TOOTH PASTE,TOOTH CARE,1.28,1.31,0.0234,6066.5,6300.0,0.0385,1.21,1.35,0.1157,24980.0,25763.0,0.0313,30226.0,34780.0,0.1507,10041.0,13995.0,0.3938,0.705,0.7111,0.0087,7217.0,10263.0,3466.0,5057.0,0.6756,0.6699,0.3244,0.3301
3273 - MOUTHWASH,TOOTH CARE,1.12,1.1,-0.0179,583.5,626.33,0.0734,1.15,1.23,0.0696,25887.0,25567.0,-0.0124,29770.0,31447.0,0.0563,1019.0,1530.0,0.5015,0.0678,0.0707,0.0428,713.0,1262.0,357.0,359.0,0.6664,0.7785,0.3336,0.2215
3275 - TOOTH CARE PACK,TOOTH CARE,1.11,1.07,-0.036,280.0,281.33,0.0047,1.04,1.05,0.0096,18973.0,18075.0,-0.0473,19732.0,18979.0,-0.0382,536.0,803.0,0.4981,0.0325,0.0318,-0.0215,234.0,92.0,318.0,716.0,0.4239,0.1139,0.5761,0.8861
4313 - GAMES & ACCESSORIES,TOY'S,1.47,1.21,-0.1769,15.0,11.0,-0.2667,1.0,1.06,0.06,17753.0,14552.0,-0.1803,17753.0,15425.0,-0.1311,30.0,31.0,0.0333,0.0225,0.0181,-0.1956,0.0,0.0,30.0,31.0,0.0,0.0,1.0,1.0
4611 - TOYS,TOY'S,1.28,1.26,-0.0156,651.0,596.67,-0.0835,1.26,1.34,0.0635,50090.0,53014.0,0.0584,63113.0,71039.0,0.1256,1035.0,1338.0,0.2928,0.9775,0.9824,0.005,288.0,321.0,814.0,1121.0,0.2613,0.2226,0.7387,0.7774
5916 - BEAUTY ACCESSORIES IMPORT,WS CARACTER,1.0,,,1.0,,,1.0,,,16400.0,,,16400.0,,,2.0,,,1.0,,,2.0,,0.0,,1.0,,0.0,
