SUBCATEGORY,CATEGORY,SECTION,AVG_QTY_STRUK_MONTH_BEFORE,AVG_QTY_STRUK_MONTH_AFTER,AVG_QTY_STRUK_MONTH_GROWTH,AVG_STRUK_MONTH_BEFORE,AVG_STRUK_MONTH_AFTER,AVG_STRUK_MONTH_GROWTH,PURCHASE_FREQUENCY_BEFORE,PURCHASE_FREQUENCY_AFTER,PURCHASE_FREQUENCY_GROWTH,SPT_BEFORE,SPT_AFTER,SPT_GROWTH,SPB_BEFORE,SPB_AFTER,SPB_GROWTH,BUYER_COUNT_BEFORE,BUYER_COUNT_AFTER,BUYER_COUNT_GROWTH
1111A - ENERGY DRINK LIQUID BOTTLE  100-250ML,1111 - ENERGY DRINK,CHILLER,1.13,1.22,0.0796,23.0,17.0,-0.2609,0.59,0.34,-0.4237,7374.0,8016.0,0.0871,4351.0,2725.0,-0.3737,39.0,50.0,0.2821
1111B - ENERGY DRINK LIQUID CAN 200-350ML,1111 - ENERGY DRINK,CHILLER,1.27,1.19,-0.063,11.0,9.0,-0.1818,0.73,0.75,0.0274,11764.0,10307.0,-0.1239,8588.0,7730.0,-0.0999,15.0,12.0,-0.2
1112A - CARBONATED DRINK CAN 200-250ML,1112 - CARBONATED DRINK,CHILLER,1.25,1.14,-0.088,8.0,14.33,0.7912,0.57,0.38,-0.3333,8738.0,7579.0,-0.1326,4981.0,2880.0,-0.4218,14.0,38.0,1.7143
1112C - CARBONATED DRINK PET 250-450 ML,1112 - CARBONATED DRINK,CHILLER,1.16,1.41,0.2155,341.0,200.67,-0.4115,0.88,0.44,-0.5,6232.0,7385.0,0.185,5484.0,3249.0,-0.4075,389.0,451.0,0.1594
1112D - CARBONATED DRINK PET 425-500ML,1112 - CARBONATED DRINK,CHILLER,1.2,1.13,-0.0583,12.5,15.0,0.2,0.54,0.39,-0.2778,11208.0,10571.0,-0.0568,6052.0,4123.0,-0.3187,23.0,38.0,0.6522
1112E - CARBONATED DRINK PET 1000-1800ML,1112 - CARBONATED DRINK,CHILLER,1.14,1.22,0.0702,294.0,78.0,-0.7347,0.92,0.44,-0.5217,15731.0,13247.0,-0.1579,14473.0,5829.0,-0.5973,319.0,177.0,-0.4451
1113B - MINERAL WATER PET 330-400ML,1113 - MINERAL WATER,CHILLER,5.25,1.92,-0.6343,51.5,46.67,-0.0938,0.57,0.37,-0.3509,16976.0,9654.0,-0.4313,9676.0,3572.0,-0.6308,91.0,127.0,0.3956
1113C - MINERAL WATER PET 500-750ML,1113 - MINERAL WATER,CHILLER,1.85,1.89,0.0216,739.5,718.67,-0.0282,0.69,0.52,-0.2464,6343.0,6495.0,0.024,4377.0,3377.0,-0.2285,1070.0,1394.0,0.3028
1113D - MINERAL WATER PET 1-1.5L,1113 - MINERAL WATER,CHILLER,1.79,1.74,-0.0279,248.0,287.33,0.1586,0.77,0.56,-0.2727,10983.0,11308.0,0.0296,8457.0,6332.0,-0.2513,322.0,510.0,0.5839
1113I - FUNCTIONAL DRINK,1113 - MINERAL WATER,CHILLER,2.37,2.02,-0.1477,110.0,110.67,0.0061,0.69,0.49,-0.2899,11934.0,11710.0,-0.0188,8234.0,5738.0,-0.3031,159.0,225.0,0.4151
1114A - ISOTONIC DRINK PET 100-250ML,1114 - ISOTONIC DRINK,CHILLER,1.19,1.23,0.0336,44.0,45.0,0.0227,0.57,0.41,-0.2807,10084.0,10513.0,0.0425,5748.0,4310.0,-0.2502,77.0,109.0,0.4156
1114B - ISOTONIC DRINK PET 300-380ML,1114 - ISOTONIC DRINK,CHILLER,1.39,1.22,-0.1223,63.5,79.67,0.2546,0.54,0.4,-0.2593,8780.0,7142.0,-0.1866,4741.0,2857.0,-0.3974,118.0,199.0,0.6864
1114C - ISOTONIC DRINK PET 450-500ML,1114 - ISOTONIC DRINK,CHILLER,1.25,1.32,0.056,213.0,204.0,-0.0423,0.64,0.44,-0.3125,11896.0,13567.0,0.1405,7613.0,5969.0,-0.2159,331.0,467.0,0.4109
1114D - ISOTONIC DRINK CAN 330ML,1114 - ISOTONIC DRINK,CHILLER,2.0,1.11,-0.445,2.0,3.0,0.5,0.5,0.33,-0.34,13700.0,7556.0,-0.4485,6850.0,2493.0,-0.6361,4.0,9.0,1.25
1114E - ISOTONIC DRINK PET 900ML-1.5L,1114 - ISOTONIC DRINK,CHILLER,1.03,1.07,0.0388,18.0,24.67,0.3706,0.53,0.37,-0.3019,18214.0,18285.0,0.0039,9653.0,6765.0,-0.2992,34.0,67.0,0.9706
1114F - ISOTONIC DRINK PET 2L,1114 - ISOTONIC DRINK,CHILLER,1.29,1.38,0.0698,10.5,7.0,-0.3333,0.7,0.37,-0.4714,30329.0,33471.0,0.1036,21230.0,12384.0,-0.4167,15.0,19.0,0.2667
1115A - REMEDIES DRINK CAN,1115 - REMEDIES DRINK,CHILLER,1.33,1.37,0.0301,146.5,152.67,0.0421,0.59,0.44,-0.2542,10385.0,11063.0,0.0653,6127.0,4868.0,-0.2055,247.0,346.0,0.4008
1115C - REMEDIES DRINK PET 150-350ML,1115 - REMEDIES DRINK,CHILLER,1.38,1.32,-0.0435,64.5,61.33,-0.0491,0.6,0.38,-0.3667,11364.0,11219.0,-0.0128,6818.0,4263.0,-0.3747,108.0,160.0,0.4815
1115D - REMEDIES DRINK PET 500-600ML,1115 - REMEDIES DRINK,CHILLER,1.32,1.3,-0.0152,36.0,36.67,0.0186,0.55,0.39,-0.2909,11557.0,11295.0,-0.0227,6356.0,4405.0,-0.307,65.0,95.0,0.4615
1116A - VITAMIN DRINK 100-150ML,1116 - VITAMIN DRINK,CHILLER,1.43,1.37,-0.042,203.5,158.33,-0.222,0.6,0.4,-0.3333,11064.0,10792.0,-0.0246,6638.0,4317.0,-0.3497,341.0,399.0,0.1701
1116B - VITAMIN DRINK 300-500ML,1116 - VITAMIN DRINK,CHILLER,1.63,1.69,0.0368,15.0,28.0,0.8667,0.6,0.46,-0.2333,12397.0,12844.0,0.0361,7438.0,5908.0,-0.2057,25.0,61.0,1.44
1117A - YOGHURT BEVERAGE,1117 - YOGHURT BEVERAGE,CHILLER,1.44,2.06,0.4306,13.5,10.67,-0.2096,0.59,0.38,-0.3559,14507.0,20419.0,0.4075,8559.0,7759.0,-0.0935,23.0,28.0,0.2174
1118A - CARBONATED MALT,1118 - CARBONATED MALT,CHILLER,1.51,2.5,0.6556,19.5,28.67,0.4703,0.67,0.46,-0.3134,12421.0,18271.0,0.471,8322.0,8405.0,0.01,29.0,62.0,1.1379
1118B - CARBONATED MALT PACK,1118 - CARBONATED MALT,CHILLER,1.0,1.5,0.5,0.5,1.33,1.66,0.5,0.33,-0.34,7900.0,11925.0,0.5095,3950.0,3935.0,-0.0038,1.0,4.0,3.0
1121C - GRASS JELLY,1121 - DESSERT,CHILLER,1.3,1.28,-0.0154,61.0,50.0,-0.1803,0.68,0.44,-0.3529,11646.0,11639.0,-0.0006,7919.0,5121.0,-0.3533,90.0,113.0,0.2556
1151B - JUICE TETRAPACK 125-150ML,1151 - RTD JUICE,CHILLER,1.2,1.3,0.0833,10.0,3.33,-0.667,0.71,0.48,-0.3239,4930.0,5320.0,0.0791,3500.0,2554.0,-0.2703,14.0,7.0,-0.5
1151C - JUICE TETRAPACK 200ML,1151 - RTD JUICE,CHILLER,1.4,1.43,0.0214,7.5,12.33,0.644,0.58,0.47,-0.1897,11900.0,12176.0,0.0232,6902.0,5723.0,-0.1708,13.0,26.0,1.0
1151D - JUICE TETRAPACK 240-250ML,1151 - RTD JUICE,CHILLER,1.4,1.55,0.1071,67.0,70.67,0.0548,0.61,0.42,-0.3115,9887.0,11614.0,0.1747,6031.0,4878.0,-0.1912,109.0,169.0,0.5505
1151E - JUICE TETRAPACK 750-1200ML,1151 - RTD JUICE,CHILLER,1.03,1.3,0.2621,97.5,7.67,-0.9213,0.84,0.4,-0.5238,15608.0,25817.0,0.6541,13111.0,10327.0,-0.2123,116.0,19.0,-0.8362
1151F - JUICE PET 200-450ML,1151 - RTD JUICE,CHILLER,1.25,1.21,-0.032,677.5,177.67,-0.7378,1.06,0.42,-0.6038,9210.0,13832.0,0.5018,9763.0,5809.0,-0.405,642.0,421.0,-0.3442
1151H - JUICE CAN 230-350ML,1151 - RTD JUICE,CHILLER,1.42,1.17,-0.1761,19.0,15.33,-0.1932,0.51,0.35,-0.3137,16603.0,13859.0,-0.1653,8468.0,4851.0,-0.4271,37.0,44.0,0.1892
1154A - RTD TEA TETRAPACK 200-240ML,1154 - RTD TEA,CHILLER,1.89,2.05,0.0847,30.5,34.0,0.1148,0.64,0.45,-0.2969,7052.0,12871.0,0.8252,4513.0,5792.0,0.2834,48.0,75.0,0.5625
1154B - RTD TEA TETRAPACK 250-500ML,1154 - RTD TEA,CHILLER,2.85,2.2,-0.2281,88.5,30.33,-0.6573,0.55,0.39,-0.2909,10325.0,8177.0,-0.208,5679.0,3189.0,-0.4385,160.0,78.0,-0.5125
1154D - RTD TEA PET 250-420ML,1154 - RTD TEA,CHILLER,1.28,2.14,0.6719,376.5,197.67,-0.475,0.71,0.45,-0.3662,4993.0,8459.0,0.6942,3545.0,3807.0,0.0739,528.0,439.0,-0.1686
1154E - RTD TEA PET 450-500ML,1154 - RTD TEA,CHILLER,1.29,1.8,0.3953,76.5,290.33,2.7952,0.56,0.6,0.0714,9031.0,11893.0,0.3169,5057.0,7136.0,0.4111,137.0,485.0,2.5401
1154G - RTD TEA CAN,1154 - RTD TEA,CHILLER,2.0,1.5,-0.25,4.0,2.0,-0.5,0.57,0.33,-0.4211,11550.0,9200.0,-0.2035,6583.0,3036.0,-0.5388,7.0,6.0,-0.1429
1154J - RTD TEA PET >=1000ML,1154 - RTD TEA,CHILLER,1.04,1.07,0.0288,26.5,13.67,-0.4842,0.56,0.39,-0.3036,17294.0,17337.0,0.0025,9685.0,6761.0,-0.3019,47.0,35.0,-0.2553
1154K - RTD MILK TEA PET,1154 - RTD TEA,CHILLER,1.51,1.33,-0.1192,62.0,47.0,-0.2419,0.64,0.41,-0.3594,12768.0,11795.0,-0.0762,8172.0,4836.0,-0.4082,97.0,116.0,0.1959
1154L - RTD TEA LESS SUGAR,1154 - RTD TEA,CHILLER,1.28,1.3,0.0156,32.0,39.67,0.2397,0.58,0.43,-0.2586,5393.0,5647.0,0.0471,3128.0,2428.0,-0.2238,55.0,93.0,0.6909
1156A - RTD COFFEE TETRAPACK,1156 - RTD COFFEE,CHILLER,1.12,1.23,0.0982,12.5,17.33,0.3864,0.5,0.38,-0.24,8248.0,9062.0,0.0987,4124.0,3444.0,-0.1649,25.0,46.0,0.84
"1156B - RTD COFFEE CAN, BOTTLE, PET",1156 - RTD COFFEE,CHILLER,1.46,1.32,-0.0959,379.0,351.0,-0.0739,0.69,0.48,-0.3043,10079.0,8810.0,-0.1259,6955.0,4229.0,-0.3919,553.0,732.0,0.3237
2022A - SPECIALTY LIQUID MILK,2022 - SPECIALTY LIQUID MILK,CHILLER,2.26,2.11,-0.0664,23.5,36.67,0.5604,0.6,0.5,-0.1667,21311.0,21905.0,0.0279,12787.0,10952.0,-0.1435,39.0,74.0,0.8974
2023A - TETRAPAK LIQUID MILK 100-130ML,2023 - TETRAPACK LIQUID MILK,CHILLER,2.45,3.01,0.2286,534.5,554.67,0.0377,0.78,0.56,-0.2821,10171.0,11843.0,0.1644,7933.0,6632.0,-0.164,686.0,994.0,0.449
2023B - TETRAPAK LIQUID MILK 160-200ML,2023 - TETRAPACK LIQUID MILK,CHILLER,1.62,1.6,-0.0123,274.0,237.67,-0.1326,0.63,0.43,-0.3175,10334.0,10185.0,-0.0144,6510.0,4380.0,-0.3272,433.0,557.0,0.2864
2023C - TETRAPAK LIQUID MILK 220-250ML,2023 - TETRAPACK LIQUID MILK,CHILLER,1.55,1.48,-0.0452,489.0,545.33,0.1152,0.65,0.48,-0.2615,11463.0,10984.0,-0.0418,7451.0,5272.0,-0.2924,748.0,1125.0,0.504
2023F - TETRAPAK LIQUID MILK CARTON,2023 - TETRAPACK LIQUID MILK,CHILLER,1.27,1.06,-0.1654,16.5,23.33,0.4139,0.72,0.71,-0.0139,167573.0,135661.0,-0.1904,120653.0,96319.0,-0.2017,23.0,33.0,0.4348
2024A - CAN LIQUID MILK,2024 - BOTTLE - CAN LIQUID MILK,CHILLER,3.37,2.69,-0.2018,274.5,279.33,0.0176,0.65,0.46,-0.2923,39318.0,29561.0,-0.2482,25557.0,13598.0,-0.4679,423.0,601.0,0.4208
2024C - BOTTLE LIQUID MILK 160-310ML,2024 - BOTTLE - CAN LIQUID MILK,CHILLER,1.35,3.42,1.5333,145.5,161.67,0.1111,0.58,0.42,-0.2759,11503.0,16857.0,0.4654,6672.0,7080.0,0.0612,253.0,384.0,0.5178
2025A - PLANT BASED MILK 190-350ML,2025 - PLANT BASED LIQUID MILK,CHILLER,1.4,1.45,0.0357,81.0,96.33,0.1893,0.65,0.47,-0.2769,11609.0,13533.0,0.1657,7546.0,6361.0,-0.157,125.0,205.0,0.64
2025B - PLANT BASED MILK 1L,2025 - PLANT BASED LIQUID MILK,CHILLER,,1.14,,,7.0,,,1.17,,,35733.0,,,41808.0,,,6.0,
6212A - YOGHURT PACK,6212 - YOGHURT,CHILLER,1.22,1.2,-0.0164,160.0,163.67,0.0229,0.63,0.49,-0.2222,12848.0,12784.0,-0.005,8094.0,6264.0,-0.2261,254.0,331.0,0.3031
6212B - YOGHURT LIQUID 70-80G,6212 - YOGHURT,CHILLER,2.76,2.52,-0.087,155.0,144.33,-0.0688,0.61,0.43,-0.2951,8385.0,7552.0,-0.0993,5115.0,3247.0,-0.3652,255.0,338.0,0.3255
6212C - YOGHURT LIQUID 100-330ML,6212 - YOGHURT,CHILLER,1.35,1.33,-0.0148,255.5,217.67,-0.1481,0.64,0.42,-0.3438,12592.0,12382.0,-0.0167,8059.0,5200.0,-0.3548,399.0,519.0,0.3008
6218A - PUDDING CUP 85-150ML,6218 - PUDDING,CHILLER,2.16,,,16.0,,,0.73,,,11931.0,,,8710.0,,,22.0,,
6218C - SOFT PUDDING,6218 - PUDDING,CHILLER,1.21,1.29,0.0661,19.5,52.0,1.6667,0.56,0.48,-0.1429,9038.0,9712.0,0.0746,5061.0,4662.0,-0.0788,35.0,109.0,2.1143
6226A - CHILLED MEAT BALLS,6226 - CHILLED MEAT BALLS,CHILLER,1.32,1.28,-0.0303,130.0,106.67,-0.1795,0.65,0.41,-0.3692,11775.0,11403.0,-0.0316,7654.0,4675.0,-0.3892,200.0,258.0,0.29
6227A - CHILLED SAUSAGES,6227 - CHILLED SAUSAGES,CHILLER,1.61,1.67,0.0373,718.5,684.33,-0.0476,0.71,0.52,-0.2676,14423.0,14905.0,0.0334,10240.0,7751.0,-0.2431,1006.0,1304.0,0.2962
2011A - FAMILY MILK 200-400G,2011 - FAMILY MILK,MILK & DIAPERS,1.06,1.1,0.0377,78.0,80.0,0.0256,0.62,0.45,-0.2742,43916.0,48317.0,0.1002,27228.0,21743.0,-0.2014,126.0,177.0,0.4048
2011B - FAMILY MILK  600-800G,2011 - FAMILY MILK,MILK & DIAPERS,1.26,1.15,-0.0873,68.5,76.33,0.1143,0.68,0.53,-0.2206,120340.0,112179.0,-0.0678,81831.0,59455.0,-0.2734,101.0,144.0,0.4257
2011C - FAMILY MILK  PACK,2011 - FAMILY MILK,MILK & DIAPERS,1.0,1.39,0.39,11.0,7.67,-0.3027,1.57,0.55,-0.6497,108768.0,152113.0,0.3985,170766.0,83662.0,-0.5101,7.0,14.0,1.0
2012A - TEENS MILK  200-400G,2012 - TEENS MILK,MILK & DIAPERS,1.09,1.14,0.0459,112.0,121.67,0.0863,0.67,0.52,-0.2239,53578.0,55409.0,0.0342,35897.0,28813.0,-0.1973,168.0,233.0,0.3869
2012B - TEENS MILK  500-800G,2012 - TEENS MILK,MILK & DIAPERS,1.13,1.16,0.0265,65.0,61.67,-0.0512,0.75,0.5,-0.3333,91761.0,94783.0,0.0329,68821.0,47392.0,-0.3114,87.0,124.0,0.4253
2012C - TEENS MILK  850-1000G,2012 - TEENS MILK,MILK & DIAPERS,1.52,2.71,0.7829,64.5,33.33,-0.4833,10.75,2.38,-0.7786,149758.0,274217.0,0.8311,1609898.0,652636.0,-0.5946,6.0,14.0,1.3333
2012D - TEENS MILK PACK,2012 - TEENS MILK,MILK & DIAPERS,1.18,1.05,-0.1102,19.0,21.33,0.1226,0.68,0.43,-0.3676,77913.0,68127.0,-0.1256,52981.0,29295.0,-0.4471,28.0,50.0,0.7857
2013A - HI-CAL MILK  150-350G,2013 - HI-CALCIUM MILK,MILK & DIAPERS,1.17,1.13,-0.0342,69.0,50.67,-0.2657,0.62,0.43,-0.3065,52866.0,53332.0,0.0088,32777.0,22933.0,-0.3003,111.0,118.0,0.0631
2013B - HI-CAL MILK  400-650G,2013 - HI-CALCIUM MILK,MILK & DIAPERS,1.13,1.06,-0.0619,59.0,57.0,-0.0339,0.6,0.46,-0.2333,128046.0,117027.0,-0.0861,76828.0,53832.0,-0.2993,99.0,125.0,0.2626
2013C - HI-CAL MILK 700-1000G,2013 - HI-CALCIUM MILK,MILK & DIAPERS,1.17,1.17,0.0,17.5,23.33,0.3331,0.55,0.44,-0.2,255726.0,242926.0,-0.0501,140649.0,106887.0,-0.24,32.0,53.0,0.6562
2014A - TONIC MILK,2014 - TONIC MILK,MILK & DIAPERS,1.1,1.11,0.0091,20.0,11.67,-0.4165,1.25,0.4,-0.68,93390.0,94603.0,0.013,116738.0,37841.0,-0.6758,16.0,29.0,0.8125
2014B - TONIC MILK PACK,2014 - TONIC MILK,MILK & DIAPERS,1.0,1.24,0.24,0.5,5.67,10.34,0.5,0.94,0.88,44000.0,54600.0,0.2409,22000.0,51324.0,1.3329,1.0,6.0,5.0
2015A - DIETATIC MILK,2015 - DIETATIC MILK,MILK & DIAPERS,1.5,1.0,-0.3333,1.0,1.67,0.67,0.5,0.56,0.12,125250.0,89340.0,-0.2867,62625.0,50030.0,-0.2011,2.0,3.0,0.5
2016A - DIABETIC MILK,2016 - DIABETIC MILK,MILK & DIAPERS,1.15,1.29,0.1217,20.0,25.0,0.25,0.77,0.53,-0.3117,96715.0,115517.0,0.1944,74471.0,61224.0,-0.1779,26.0,47.0,0.8077
2111A - INFANT MILK MAINSTREAM BOX 150-200G,2111 - INFANT MILK MAINSTREAM,MILK & DIAPERS,1.76,1.58,-0.1023,40.0,26.33,-0.3418,0.82,0.53,-0.3537,25329.0,24156.0,-0.0463,20770.0,12803.0,-0.3836,49.0,50.0,0.0204
2111B - INFANT MILK MAINSTREAM BOX 400-600G,2111 - INFANT MILK MAINSTREAM,MILK & DIAPERS,1.05,1.12,0.0667,28.0,40.67,0.4525,0.8,0.64,-0.2,54455.0,56204.0,0.0321,43564.0,35971.0,-0.1743,35.0,64.0,0.8286
2111C - INFANT MILK MAINSTREAM BOX 750-1000G,2111 - INFANT MILK MAINSTREAM,MILK & DIAPERS,1.25,1.08,-0.136,25.5,25.33,-0.0067,0.91,0.77,-0.1538,118359.0,101712.0,-0.1406,107707.0,78318.0,-0.2729,28.0,33.0,0.1786
2111D - INFANT SPECIALITY MILK MAINSTREAM,2111 - INFANT MILK MAINSTREAM,MILK & DIAPERS,1.0,1.4,0.4,1.0,3.33,2.33,0.5,0.56,0.12,31450.0,44030.0,0.4,15725.0,24657.0,0.568,2.0,6.0,2.0
2112A - INFANT MILK PREMIUM BOX 150-200G,2112 - INFANT MILK PREMIUM,MILK & DIAPERS,1.23,1.14,-0.0732,34.5,30.67,-0.111,0.91,0.57,-0.3736,45406.0,40561.0,-0.1067,41319.0,23120.0,-0.4405,38.0,54.0,0.4211
2112B - INFANT MILK PREMIUM BOX 350-750G,2112 - INFANT MILK PREMIUM,MILK & DIAPERS,1.16,1.14,-0.0172,51.5,60.33,0.1715,0.87,0.83,-0.046,111473.0,114823.0,0.0301,96982.0,95303.0,-0.0173,59.0,73.0,0.2373
2112C - INFANT MILK PREMIUM CAN,2112 - INFANT MILK PREMIUM,MILK & DIAPERS,1.2,1.19,-0.0083,22.5,16.0,-0.2889,0.9,0.73,-0.1889,177960.0,176106.0,-0.0104,160164.0,128557.0,-0.1973,25.0,22.0,-0.12
2113A - INFANT MILK SUPER PREMUM BOX 400G,2113 - INFANT MILK SUPER PREMIUM,MILK & DIAPERS,1.06,1.03,-0.0283,8.0,12.67,0.5838,1.0,0.84,-0.16,228362.0,174345.0,-0.2365,228362.0,146450.0,-0.3587,8.0,15.0,0.875
2113B - INFANT MILK SUPER PREMIUM CAN 400G,2113 - INFANT MILK SUPER PREMIUM,MILK & DIAPERS,1.07,1.0,-0.0654,13.5,13.0,-0.037,1.12,0.65,-0.4196,188493.0,178564.0,-0.0527,211112.0,116067.0,-0.4502,12.0,20.0,0.6667
2113C - INFANT MILK SUPER PREMIUM CAN 800-1000G,2113 - INFANT MILK SUPER PREMIUM,MILK & DIAPERS,2.0,2.5,0.25,1.0,0.67,-0.33,0.5,0.67,0.34,775000.0,968750.0,0.25,387500.0,649062.0,0.675,2.0,1.0,-0.5
2114A - FOLLOW ON MILK MAINSTREAM BOX 150-200G,2114 - FOLLOW ON MILK MAINSTREAM,MILK & DIAPERS,1.57,2.12,0.3503,48.5,43.0,-0.1134,1.08,0.84,-0.2222,24149.0,31137.0,0.2894,26081.0,26155.0,0.0028,45.0,51.0,0.1333
2114B - FOLLOW ON MILK MAINSTREAM BOX 350-600G,2114 - FOLLOW ON MILK MAINSTREAM,MILK & DIAPERS,1.01,1.05,0.0396,37.0,35.33,-0.0451,1.06,0.68,-0.3585,50982.0,55145.0,0.0817,54041.0,37499.0,-0.3061,35.0,52.0,0.4857
2114C - FOLLOW ON MILK MAINSTREAM BOX 700-1000G,2114 - FOLLOW ON MILK MAINSTREAM,MILK & DIAPERS,1.19,1.13,-0.0504,29.0,25.67,-0.1148,0.91,0.55,-0.3956,111574.0,106148.0,-0.0486,101532.0,58381.0,-0.425,32.0,47.0,0.4688
2114D - FOLLOW ON SPECIALITY MILK MAINSTREAM,2114 - FOLLOW ON MILK MAINSTREAM,MILK & DIAPERS,1.08,1.0,-0.0741,6.5,5.0,-0.2308,0.93,1.25,0.3441,67738.0,62953.0,-0.0706,62996.0,78691.0,0.2491,7.0,4.0,-0.4286
2115A - FOLLOW ON MILK PREMIUM BOX 150-200G,2115 - FOLLOW ON MILK PREMIUM,MILK & DIAPERS,1.26,1.27,0.0079,40.0,35.67,-0.1082,0.83,0.65,-0.2169,49609.0,49903.0,0.0059,41175.0,32437.0,-0.2122,48.0,55.0,0.1458
2115B - FOLLOW ON MILK PREMIUM BOX 300-1000G,2115 - FOLLOW ON MILK PREMIUM,MILK & DIAPERS,1.14,1.16,0.0175,51.5,48.67,-0.055,1.2,0.72,-0.4,103148.0,116678.0,0.1312,123778.0,84008.0,-0.3213,43.0,68.0,0.5814
2115C - FOLLOW ON MILK PREMIUM CAN 800-900G,2115 - FOLLOW ON MILK PREMIUM,MILK & DIAPERS,1.24,1.36,0.0968,27.0,19.67,-0.2715,0.82,0.5,-0.3902,207709.0,247185.0,0.1901,170321.0,123592.0,-0.2744,33.0,39.0,0.1818
2116A - FOLLOW ON MILK SUPER PREMIUM BOX 350-600G,2116 - FOLLOW ON MILK SUPER PREMIUM,MILK & DIAPERS,1.14,1.07,-0.0614,29.0,38.33,0.3217,1.32,1.2,-0.0909,185974.0,190485.0,0.0243,245486.0,228582.0,-0.0689,22.0,32.0,0.4545
2116B - FOLLOW ON MILK SUPER PREMIUM CAN 400G,2116 - FOLLOW ON MILK SUPER PREMIUM,MILK & DIAPERS,1.16,1.07,-0.0776,16.0,25.0,0.5625,0.84,0.89,0.0595,220541.0,200931.0,-0.0889,185254.0,178829.0,-0.0347,19.0,28.0,0.4737
2116C - FOLLOW ON MILK SUPPER PREMIUM CAN >800G,2116 - FOLLOW ON MILK SUPER PREMIUM,MILK & DIAPERS,,1.0,,,0.67,,,0.67,,,579000.0,,,387930.0,,,1.0,
2117A - GROWING UP MILK MAINSTREAM BOX 120-200G,2117 - GROWING UP MILK MAINSTREAM,MILK & DIAPERS,1.24,1.26,0.0161,133.5,149.67,0.1211,0.83,0.66,-0.2048,18778.0,18862.0,0.0045,15586.0,12449.0,-0.2013,161.0,226.0,0.4037
2117B - GROWING UP MILK MAINSTREAM BOX 350-600G,2117 - GROWING UP MILK MAINSTREAM,MILK & DIAPERS,1.07,1.15,0.0748,464.5,442.33,-0.0477,0.97,0.73,-0.2474,47838.0,52230.0,0.0918,46403.0,38128.0,-0.1783,477.0,605.0,0.2683
2117C - GROWING UP MILK MAINSTREAM BOX 700-1000G,2117 - GROWING UP MILK MAINSTREAM,MILK & DIAPERS,1.29,1.4,0.0853,983.0,940.67,-0.0431,1.1,0.89,-0.1909,99899.0,110012.0,0.1012,109889.0,97911.0,-0.109,895.0,1052.0,0.1754
2117D - GROWING UP SPECIALITY MILK MAINSTREAM,2117 - GROWING UP MILK MAINSTREAM,MILK & DIAPERS,1.4,1.55,0.1071,60.5,42.67,-0.2947,1.19,0.84,-0.2941,118550.0,135211.0,0.1405,141074.0,113577.0,-0.1949,51.0,51.0,0.0
2117E - GROWING UP MILK MAINSTREAM >1000G,2117 - GROWING UP MILK MAINSTREAM,MILK & DIAPERS,1.0,1.0,0.0,1.0,1.33,0.33,1.0,0.44,-0.56,240000.0,246250.0,0.026,240000.0,108350.0,-0.5485,1.0,3.0,2.0
2118A - GROWING UP MILK PREMIUM BOX 150-200G,2118 - GROWING UP MILK PREMIUM,MILK & DIAPERS,1.08,1.12,0.037,83.5,81.33,-0.026,0.91,0.75,-0.1758,43369.0,44732.0,0.0314,39466.0,33549.0,-0.1499,92.0,109.0,0.1848
2118B - GROWING UP MILK PREMIUM BOX 300-600G,2118 - GROWING UP MILK PREMIUM,MILK & DIAPERS,1.05,1.1,0.0476,202.5,186.67,-0.0782,1.05,0.88,-0.1619,78702.0,83455.0,0.0604,82637.0,73440.0,-0.1113,192.0,211.0,0.099
2118C - GROWING UP MILK PREMIUM BOX 700-1000G,2118 - GROWING UP MILK PREMIUM,MILK & DIAPERS,1.2,1.22,0.0167,270.0,232.67,-0.1383,1.07,0.85,-0.2056,191367.0,191525.0,0.0008,204763.0,162796.0,-0.205,253.0,274.0,0.083
2118D - GROWING UP MILK PREMIUM CAN 700-900G,2118 - GROWING UP MILK PREMIUM,MILK & DIAPERS,1.44,1.25,-0.1319,106.5,97.33,-0.0861,0.93,0.68,-0.2688,206594.0,178434.0,-0.1363,192132.0,121335.0,-0.3685,114.0,143.0,0.2544
2118F - GROWING UP SPECIALITY MILK PREMIUM,2118 - GROWING UP MILK PREMIUM,MILK & DIAPERS,1.08,1.07,-0.0093,37.5,41.67,0.1112,1.34,1.16,-0.1343,147867.0,130598.0,-0.1168,198142.0,151494.0,-0.2354,28.0,36.0,0.2857
2118G - GROWING UP MILK PREMIUM >1000G,2118 - GROWING UP MILK PREMIUM,MILK & DIAPERS,1.11,1.15,0.036,9.0,11.33,0.2589,0.6,0.57,-0.05,454806.0,458641.0,0.0084,272884.0,261425.0,-0.042,15.0,20.0,0.3333
2119A - GROWING UP MILK SUPER PREMIUM BOX 200-700G,2119 - GROWING UP MILK SUPER PREMIUM,MILK & DIAPERS,1.17,1.21,0.0342,83.5,95.0,0.1377,0.98,0.77,-0.2143,152384.0,147378.0,-0.0329,149336.0,113481.0,-0.2401,85.0,123.0,0.4471
2119B - GROWING UP MILK SUPER PREMIUM CAN 400G,2119 - GROWING UP MILK SUPER PREMIUM,MILK & DIAPERS,1.03,1.07,0.0388,29.5,22.33,-0.2431,0.72,0.62,-0.1389,182593.0,191393.0,0.0482,131467.0,118664.0,-0.0974,41.0,36.0,-0.122
2119C - GROWING UP MILK SUPER PREMIUM CAN 700-1000G,2119 - GROWING UP MILK SUPER PREMIUM,MILK & DIAPERS,1.2,1.12,-0.0667,78.5,93.0,0.1847,1.06,0.84,-0.2075,339301.0,351111.0,0.0348,359659.0,294933.0,-0.18,74.0,111.0,0.5
2119D - GROWING UP MILK SUPER PREMIUM >1000G,2119 - GROWING UP MILK SUPER PREMIUM,MILK & DIAPERS,1.25,1.65,0.32,6.0,5.67,-0.055,0.75,0.71,-0.0533,501533.0,712035.0,0.4197,376150.0,505545.0,0.344,8.0,8.0,0.0
2121A - BABY CEREAL BOX 100G,2121 - BABY CEREAL,MILK & DIAPERS,1.34,1.29,-0.0373,66.5,59.0,-0.1128,0.76,0.55,-0.2763,27022.0,25757.0,-0.0468,20537.0,14166.0,-0.3102,87.0,108.0,0.2414
2121B - BABY CEREAL BOX 120G,2121 - BABY CEREAL,MILK & DIAPERS,1.56,1.45,-0.0705,130.5,127.0,-0.0268,0.79,0.56,-0.2911,23561.0,22717.0,-0.0358,18613.0,12722.0,-0.3165,166.0,226.0,0.3614
2121C - BABY CEREAL BAG,2121 - BABY CEREAL,MILK & DIAPERS,1.56,1.77,0.1346,51.0,69.67,0.3661,0.65,0.54,-0.1692,13829.0,20017.0,0.4475,8989.0,10809.0,0.2025,78.0,128.0,0.641
2122A - BABY BISCUIT,2122 - BABY BISCUIT & SNACK,MILK & DIAPERS,1.21,1.27,0.0496,113.0,131.67,0.1652,0.65,0.48,-0.2615,17710.0,19176.0,0.0828,11512.0,9204.0,-0.2005,173.0,276.0,0.5954
2122B - BABY SNACK,2122 - BABY BISCUIT & SNACK,MILK & DIAPERS,2.02,1.99,-0.0149,767.5,678.0,-0.1166,0.84,0.62,-0.2619,20387.0,20190.0,-0.0097,17125.0,12518.0,-0.269,916.0,1089.0,0.1889
2131A - PREGNANT MILK 150-250G,2131 - PREGNANT MILK,MILK & DIAPERS,1.03,1.05,0.0194,30.0,29.0,-0.0333,0.62,0.42,-0.3226,47667.0,49175.0,0.0316,29554.0,20654.0,-0.3011,48.0,69.0,0.4375
2131B - PREGNANT MILK 300-400G,2131 - PREGNANT MILK,MILK & DIAPERS,1.12,1.03,-0.0804,24.0,25.0,0.0417,0.71,0.42,-0.4085,99477.0,91699.0,-0.0782,70629.0,38514.0,-0.4547,34.0,59.0,0.7353
3431A - REGULAR DIAPERS SIZE-S,3431 - REGULAR DIAPERS,MILK & DIAPERS,1.15,1.14,-0.0087,96.5,103.0,0.0674,0.74,0.55,-0.2568,66457.0,67178.0,0.0108,49178.0,36948.0,-0.2487,131.0,186.0,0.4198
3431B - REGULAR DIAPERS SIZE-M,3431 - REGULAR DIAPERS,MILK & DIAPERS,1.27,1.1,-0.1339,7.5,6.67,-0.1107,0.68,0.56,-0.1765,58013.0,52145.0,-0.1011,39449.0,29201.0,-0.2598,11.0,12.0,0.0909
3432A - PANTS DIAPERS SIZE-S 18-22S,3432 - PANTS DIAPERS,MILK & DIAPERS,1.11,1.22,0.0991,9.5,3.0,-0.6842,0.68,0.38,-0.4412,79068.0,88667.0,0.1214,53766.0,33693.0,-0.3733,14.0,8.0,-0.4286
3432B - PANTS DIAPERS SIZE-S 24-38S,3432 - PANTS DIAPERS,MILK & DIAPERS,1.09,1.12,0.0275,96.5,87.33,-0.095,0.8,0.57,-0.2875,66823.0,68090.0,0.019,53458.0,38811.0,-0.274,121.0,152.0,0.2562
3432C - PANTS DIAPERS SIZE-M 18-22S,3432 - PANTS DIAPERS,MILK & DIAPERS,1.0,1.0,0.0,12.0,2.67,-0.7775,1.0,0.38,-0.62,44204.0,44000.0,-0.0046,44204.0,16720.0,-0.6218,12.0,7.0,-0.4167
3432D - PANTS DIAPERS SIZE-M 24-38S,3432 - PANTS DIAPERS,MILK & DIAPERS,1.16,1.13,-0.0259,364.0,358.67,-0.0146,0.92,0.74,-0.1957,71599.0,68304.0,-0.046,65871.0,50545.0,-0.2327,395.0,484.0,0.2253
3432E - PANTS DIAPERS SIZE-L 18-22S,3432 - PANTS DIAPERS,MILK & DIAPERS,1.06,1.04,-0.0189,36.0,34.67,-0.0369,0.62,0.51,-0.1774,48217.0,49026.0,0.0168,29895.0,25003.0,-0.1636,58.0,68.0,0.1724
3432F - PANTS DIAPERS SIZE-L 24-32S,3432 - PANTS DIAPERS,MILK & DIAPERS,1.15,1.15,0.0,520.0,494.0,-0.05,0.98,0.77,-0.2143,71791.0,71303.0,-0.0068,70355.0,54903.0,-0.2196,532.0,641.0,0.2049
3432G - PANTS DIAPERS SIZE-XL 16-22S,3432 - PANTS DIAPERS,MILK & DIAPERS,1.32,1.26,-0.0455,73.0,66.33,-0.0914,1.07,0.71,-0.3364,84397.0,79905.0,-0.0532,90305.0,56733.0,-0.3718,68.0,93.0,0.3676
3432H - PANTS DIAPERS SIZE-XL 24-32S,3432 - PANTS DIAPERS,MILK & DIAPERS,1.22,1.23,0.0082,499.0,448.33,-0.1015,1.0,0.76,-0.24,79551.0,81020.0,0.0185,79551.0,61575.0,-0.226,497.0,588.0,0.1831
3432I - PANTS DIAPERS SIZE-XXL 18-22S,3432 - PANTS DIAPERS,MILK & DIAPERS,1.09,1.13,0.0367,82.5,71.67,-0.1313,0.93,0.66,-0.2903,66417.0,66844.0,0.0064,61768.0,44117.0,-0.2858,89.0,109.0,0.2247
3432J - PANTS DIAPERS SIZE-XXL 24-30S,3432 - PANTS DIAPERS,MILK & DIAPERS,1.15,1.23,0.0696,142.5,140.33,-0.0152,1.06,0.83,-0.217,80918.0,88545.0,0.0943,85773.0,73492.0,-0.1432,134.0,169.0,0.2612
3432K - PANTS DIAPERS 5-10S,3432 - PANTS DIAPERS,MILK & DIAPERS,1.04,1.04,0.0,74.5,75.67,0.0157,0.68,0.5,-0.2647,18804.0,18763.0,-0.0022,12787.0,9382.0,-0.2663,109.0,150.0,0.3761
3432L - PANTS DIAPERS 36-70S,3432 - PANTS DIAPERS,MILK & DIAPERS,1.2,1.13,-0.0583,64.5,60.33,-0.0647,0.7,0.49,-0.3,108328.0,108420.0,0.0008,75830.0,53126.0,-0.2994,92.0,123.0,0.337
3432M - PANTS DIAPERS CARTON,3432 - PANTS DIAPERS,MILK & DIAPERS,1.25,1.33,0.064,2.0,3.0,0.5,1.0,0.5,-0.5,230000.0,250733.0,0.0901,230000.0,125366.0,-0.4549,2.0,6.0,2.0
3211B - SHAMPOO 70-100ML,3211 - SHAMPOO,PERSONAL CARE,1.04,1.08,0.0385,105.0,137.0,0.3048,0.53,0.37,-0.3019,21850.0,22654.0,0.0368,11580.0,8382.0,-0.2762,197.0,375.0,0.9036
3211C - SHAMPOO 130-250ML,3211 - SHAMPOO,PERSONAL CARE,1.19,1.18,-0.0084,1966.5,1739.33,-0.1155,0.62,0.45,-0.2742,34643.0,34107.0,-0.0155,21479.0,15348.0,-0.2854,3159.0,3858.0,0.2213
3211D - SHAMPOO 270-450ML,3211 - SHAMPOO,PERSONAL CARE,1.14,1.14,0.0,401.0,380.67,-0.0507,0.56,0.41,-0.2679,61916.0,63345.0,0.0231,34673.0,25971.0,-0.251,710.0,928.0,0.307
3211E - SHAMPOO 450-700ML,3211 - SHAMPOO,PERSONAL CARE,1.22,1.74,0.4262,70.5,125.0,0.773,0.54,0.56,0.037,121239.0,188441.0,0.5543,65469.0,105527.0,0.6119,131.0,223.0,0.7023
3213A - CONDITIONER LEAVE ON 30-70ML,3213 - CONDITIONER,PERSONAL CARE,1.41,1.48,0.0496,52.5,55.67,0.0604,0.72,0.48,-0.3333,25794.0,27066.0,0.0493,18572.0,12992.0,-0.3005,73.0,117.0,0.6027
3213B - CONDITIONER 70-100ML,3213 - CONDITIONER,PERSONAL CARE,1.09,1.11,0.0183,137.0,125.67,-0.0827,0.59,0.4,-0.322,21716.0,23735.0,0.093,12812.0,9494.0,-0.259,231.0,318.0,0.3766
3213C - CONDITIONER 135-250ML,3213 - CONDITIONER,PERSONAL CARE,1.13,1.14,0.0088,236.5,205.33,-0.1318,0.58,0.43,-0.2586,36238.0,37795.0,0.043,21018.0,16252.0,-0.2268,409.0,480.0,0.1736
3213D - CONDITIONER 260-500ML,3213 - CONDITIONER,PERSONAL CARE,1.29,1.16,-0.1008,7.0,8.33,0.19,0.54,0.38,-0.2963,89250.0,86460.0,-0.0313,48195.0,32855.0,-0.3183,13.0,22.0,0.6923
3214A - HAIR TONIC,3214 - HAIR TONIC,PERSONAL CARE,1.1,1.01,-0.0818,24.0,26.33,0.0971,0.51,0.36,-0.2941,44498.0,41814.0,-0.0603,22694.0,15053.0,-0.3367,47.0,74.0,0.5745
3215A - HAIR STYLING CREAM,3215 - HAIR STYLING,PERSONAL CARE,1.01,1.01,0.0,89.0,100.67,0.1311,0.55,0.37,-0.3273,33864.0,34282.0,0.0123,18625.0,12684.0,-0.319,162.0,273.0,0.6852
3215B - HAIR STYLING WAX,3215 - HAIR STYLING,PERSONAL CARE,1.0,1.0,0.0,12.0,10.33,-0.1392,0.52,0.38,-0.2692,43604.0,29739.0,-0.318,22674.0,11301.0,-0.5016,23.0,27.0,0.1739
3215C - HAIR STYLING GEL,3215 - HAIR STYLING,PERSONAL CARE,1.0,1.0,0.0,32.5,31.33,-0.036,0.52,0.36,-0.3077,15765.0,15396.0,-0.0234,8198.0,5543.0,-0.3239,62.0,88.0,0.4194
3215D - HAIR STYLING SPRAY,3215 - HAIR STYLING,PERSONAL CARE,1.0,1.0,0.0,4.0,4.0,0.0,0.57,0.4,-0.2982,36638.0,36583.0,-0.0015,20884.0,14633.0,-0.2993,7.0,10.0,0.4286
3216A - HAIR COLOUR POWDER,3216 - HAIR COLOUR,PERSONAL CARE,1.06,1.0,-0.0566,8.5,8.0,-0.0588,0.5,0.33,-0.34,25018.0,23779.0,-0.0495,12509.0,7847.0,-0.3727,17.0,24.0,0.4118
3216B - HAIR COLOUR PASTA,3216 - HAIR COLOUR,PERSONAL CARE,1.9,1.71,-0.1,271.0,272.67,0.0062,0.56,0.39,-0.3036,38288.0,33868.0,-0.1154,21441.0,13209.0,-0.3839,480.0,692.0,0.4417
3216C - HAIR COLOUR SHAMPOO,3216 - HAIR COLOUR,PERSONAL CARE,1.24,1.41,0.1371,114.0,113.33,-0.0059,0.57,0.41,-0.2807,19035.0,21510.0,0.13,10850.0,8819.0,-0.1872,201.0,274.0,0.3632
3217A - HAIR MASK,3217 - HAIR MASK,PERSONAL CARE,1.37,1.41,0.0292,220.5,231.0,0.0476,0.6,0.42,-0.3,15810.0,14874.0,-0.0592,9486.0,6247.0,-0.3415,365.0,546.0,0.4959
3218A - HAIR VITAMIN BLISTER,3218 - HAIR VITAMIN,PERSONAL CARE,1.15,1.2,0.0435,230.0,220.0,-0.0435,0.61,0.45,-0.2623,15772.0,16645.0,0.0554,9621.0,7490.0,-0.2215,379.0,493.0,0.3008
3218B - HAIR VITAMIN BOTTLE,3218 - HAIR VITAMIN,PERSONAL CARE,1.03,1.05,0.0194,103.0,89.67,-0.1294,0.54,0.36,-0.3333,38302.0,40137.0,0.0479,20683.0,14449.0,-0.3014,192.0,249.0,0.2969
3221A - BEAUTY BAR SOAP,3221 - BAR SOAP,PERSONAL CARE,1.73,1.72,-0.0058,323.0,284.67,-0.1187,0.6,0.42,-0.3,7104.0,7222.0,0.0166,4262.0,3033.0,-0.2884,541.0,671.0,0.2403
3221B - HEALTHY BAR SOAP,3221 - BAR SOAP,PERSONAL CARE,1.33,1.28,-0.0376,143.0,135.67,-0.0513,0.55,0.4,-0.2727,15134.0,15137.0,0.0002,8324.0,6055.0,-0.2726,260.0,341.0,0.3115
3221D - BEAUTY BAR SOAP BANDED,3221 - BAR SOAP,PERSONAL CARE,1.1,1.07,-0.0273,254.0,231.33,-0.0893,0.57,0.42,-0.2632,16892.0,16466.0,-0.0252,9628.0,6916.0,-0.2817,444.0,552.0,0.2432
3221E - HEALTHY BAR SOAP BANDED,3221 - BAR SOAP,PERSONAL CARE,1.13,1.14,0.0088,376.5,371.67,-0.0128,0.59,0.41,-0.3051,21941.0,22306.0,0.0166,12945.0,9145.0,-0.2935,643.0,910.0,0.4152
3222B - BEAUTY LIQUID SOAP BTL 100-250ML,3222 - BEAUTY LIQUID SOAP,PERSONAL CARE,1.04,1.06,0.0192,112.0,94.0,-0.1607,0.52,0.35,-0.3269,20412.0,20178.0,-0.0115,10614.0,7062.0,-0.3347,214.0,269.0,0.257
3222D - BEAUTY LIQUID SOAP 300-600ML,3222 - BEAUTY LIQUID SOAP,PERSONAL CARE,1.37,1.41,0.0292,1716.5,1935.0,0.1273,0.65,0.49,-0.2462,33182.0,33879.0,0.021,21568.0,16601.0,-0.2303,2645.0,3974.0,0.5025
3222E - BEAUTY LIQUID SOAP 700 - 1000ML,3222 - BEAUTY LIQUID SOAP,PERSONAL CARE,1.22,1.15,-0.0574,132.5,207.67,0.5673,0.55,0.4,-0.2727,53286.0,50931.0,-0.0442,29307.0,20372.0,-0.3049,242.0,518.0,1.1405
3222F - BEAUTY LIQUID SOAP PUMP,3222 - BEAUTY LIQUID SOAP,PERSONAL CARE,1.56,1.91,0.2244,19.5,36.33,0.8631,0.51,0.38,-0.2549,134390.0,130105.0,-0.0319,68539.0,49440.0,-0.2787,38.0,96.0,1.5263
3223B - HEALTHY LIQUID SOAP BTL 100-250ML,3223 - HEALTHY LIQUID SOAP,PERSONAL CARE,1.07,1.04,-0.028,49.0,46.67,-0.0476,0.51,0.35,-0.3137,17703.0,16667.0,-0.0585,9029.0,5833.0,-0.354,97.0,135.0,0.3918
3223C - HEALTHY LIQUID SOAP REF 200-250ML,3223 - HEALTHY LIQUID SOAP,PERSONAL CARE,,3.0,,,0.33,,,0.33,,,101700.0,,,33561.0,,,1.0,
3223D - HEALTHY LIQUID SOAP 300-600ML,3223 - HEALTHY LIQUID SOAP,PERSONAL CARE,1.35,1.32,-0.0222,1493.0,1248.33,-0.1639,0.63,0.46,-0.2698,31839.0,31211.0,-0.0197,20059.0,14357.0,-0.2843,2374.0,2729.0,0.1495
3223E - ANTISEPTIC LIQUID,3223 - HEALTHY LIQUID SOAP,PERSONAL CARE,1.03,1.0,-0.0291,37.0,33.67,-0.09,0.53,0.4,-0.2453,42065.0,45322.0,0.0774,22294.0,18129.0,-0.1868,70.0,85.0,0.2143
3223F - HEALTHY LIQUID SOAP PUMP,3223 - HEALTHY LIQUID SOAP,PERSONAL CARE,1.0,1.0,0.0,9.0,12.67,0.4078,0.5,0.34,-0.32,62611.0,60632.0,-0.0316,31306.0,20615.0,-0.3415,18.0,37.0,1.0556
3223G - HEALTHY LIQUID SOAP 700 - 1000ML,3223 - HEALTHY LIQUID SOAP,PERSONAL CARE,1.26,1.28,0.0159,368.0,331.67,-0.0987,0.6,0.42,-0.3,55030.0,56246.0,0.0221,33018.0,23623.0,-0.2845,616.0,799.0,0.2971
3224A - FEMININ HYGIENE SOAP,3224 - FEMININ HYGIENE,PERSONAL CARE,1.04,1.03,-0.0096,149.5,146.0,-0.0234,0.56,0.4,-0.2857,22242.0,22431.0,0.0085,12456.0,8972.0,-0.2797,268.0,365.0,0.3619
3225A - HAND SOAP BOTTLE,3225 - HAND SOAP,PERSONAL CARE,1.33,1.65,0.2406,36.0,36.67,0.0186,0.52,0.35,-0.3269,29711.0,40559.0,0.3651,15450.0,14196.0,-0.0812,69.0,106.0,0.5362
3225B - HAND SOAP REFFIL,3225 - HAND SOAP,PERSONAL CARE,1.53,1.62,0.0588,368.5,405.0,0.0991,0.63,0.48,-0.2381,16893.0,17269.0,0.0223,10643.0,8289.0,-0.2212,585.0,852.0,0.4564
3226A - MEN SOAP BOTTLE,3226 - MEN SOAP,PERSONAL CARE,1.0,1.0,0.0,1.5,0.67,-0.5533,0.5,0.33,-0.34,26967.0,26900.0,-0.0025,13484.0,8877.0,-0.3417,3.0,2.0,-0.3333
3231A - WOMEN DEO ROLL ON,3231 - WOMEN DEO,PERSONAL CARE,1.2,1.22,0.0167,782.5,750.67,-0.0407,0.56,0.4,-0.2857,24594.0,25070.0,0.0194,13773.0,10028.0,-0.2719,1393.0,1860.0,0.3352
3231B - WOMEN DEO STICK,3231 - WOMEN DEO,PERSONAL CARE,1.28,1.33,0.0391,12.5,3.0,-0.76,0.52,0.38,-0.2692,24424.0,55089.0,1.2555,12700.0,20934.0,0.6483,24.0,8.0,-0.6667
3231C - WOMEN DEO AEROSOL,3231 - WOMEN DEO,PERSONAL CARE,1.0,1.18,0.18,2.5,3.67,0.468,0.5,0.37,-0.26,63900.0,76991.0,0.2049,31950.0,28487.0,-0.1084,5.0,10.0,1.0
3232A - WOMEN PARFUME & EDT,3232 - WOMEN PARFUME & EDT,PERSONAL CARE,1.05,1.05,0.0,310.5,348.67,0.1229,0.56,0.4,-0.2857,44944.0,42148.0,-0.0622,25169.0,16859.0,-0.3302,558.0,877.0,0.5717
3233A - WOMEN BODY SPRAY,3233 - WOMEN BODY SPRAY,PERSONAL CARE,1.03,1.06,0.0291,69.0,60.33,-0.1257,0.55,0.4,-0.2727,24920.0,25848.0,0.0372,13706.0,10339.0,-0.2457,125.0,151.0,0.208
3234A - WOMEN COLOGNE 50-100ML,3234 - WOMEN COLOGNE,PERSONAL CARE,1.12,1.18,0.0536,137.5,186.67,0.3576,0.55,0.43,-0.2182,17428.0,18608.0,0.0677,9585.0,8001.0,-0.1653,249.0,436.0,0.751
3234B - WOMEN COLOGNE 120-200ML,3234 - WOMEN COLOGNE,PERSONAL CARE,1.03,1.04,0.0097,19.5,16.33,-0.1626,0.51,0.36,-0.2941,28644.0,29367.0,0.0252,14608.0,10572.0,-0.2763,38.0,46.0,0.2105
3235A - MEN DEO ROLL ON,3235 - MEN DEO ROLL ON,PERSONAL CARE,1.19,1.22,0.0252,504.5,553.33,0.0968,0.55,0.4,-0.2727,24990.0,24895.0,-0.0038,13745.0,9958.0,-0.2755,912.0,1391.0,0.5252
3236A - MEN DEO SPRAY,3236 - MEN DEO SPRAY,PERSONAL CARE,,1.0,,,1.67,,,0.33,,,63120.0,,,20830.0,,,5.0,
3237A - MEN BODY SPRAY,3237 - MEN BODY SPRAY,PERSONAL CARE,1.11,1.11,0.0,57.0,64.33,0.1286,0.56,0.39,-0.3036,30804.0,31467.0,0.0215,17250.0,12272.0,-0.2886,102.0,167.0,0.6373
3238A - MEN COLOGNE 50-100ML,3238 - MEN COLOGNE,PERSONAL CARE,1.02,1.04,0.0196,21.5,28.0,0.3023,0.55,0.38,-0.3091,17486.0,18225.0,0.0423,9617.0,6926.0,-0.2798,39.0,74.0,0.8974
3239A - MEN PARFUME & EDT,3239 - MEN PARFUME & EDT,PERSONAL CARE,1.06,1.05,-0.0094,139.5,154.33,0.1063,0.56,0.4,-0.2857,38214.0,38299.0,0.0022,21400.0,15320.0,-0.2841,248.0,386.0,0.5565
3240A - FACE SUNSCREEN,3240 - SUNSCREEN,PERSONAL CARE,1.06,1.12,0.0566,258.0,278.67,0.0801,0.54,0.38,-0.2963,42456.0,44337.0,0.0443,22926.0,16848.0,-0.2651,478.0,729.0,0.5251
3241A - FACIAL WASH SOAP WOMEN 20-60G,3241 - FACIAL WASH SOAP,PERSONAL CARE,1.02,1.03,0.0098,183.5,149.0,-0.188,0.53,0.37,-0.3019,27606.0,24319.0,-0.1191,14631.0,8998.0,-0.385,347.0,404.0,0.1643
3241B - FACIAL WASH SOAP WOMEN 70-125G,3241 - FACIAL WASH SOAP,PERSONAL CARE,1.2,1.37,0.1417,785.0,883.33,0.1253,0.58,0.43,-0.2586,43164.0,51191.0,0.186,25035.0,22012.0,-0.1208,1354.0,2044.0,0.5096
3241C - FACIAL WASH SOAP WOMEN 150-250G,3241 - FACIAL WASH SOAP,PERSONAL CARE,1.0,1.17,0.17,1.0,2.0,1.0,0.5,0.33,-0.34,132800.0,155533.0,0.1712,66400.0,51326.0,-0.227,2.0,6.0,2.0
3241D - FACIAL CLEANSER PAPER,3241 - FACIAL WASH SOAP,PERSONAL CARE,1.09,1.06,-0.0275,17.0,21.67,0.2747,0.5,0.36,-0.28,20950.0,21995.0,0.0499,10475.0,7918.0,-0.2441,34.0,61.0,0.7941
3241E - FACIAL BAR SOAP,3241 - FACIAL WASH SOAP,PERSONAL CARE,1.12,1.11,-0.0089,154.0,137.33,-0.1082,0.58,0.42,-0.2759,23309.0,23923.0,0.0263,13519.0,10048.0,-0.2567,265.0,324.0,0.2226
3242A - FACIAL CLEANSER MILK,3242 - FACIAL CLEANSER MILK,PERSONAL CARE,1.04,1.03,-0.0096,56.5,60.67,0.0738,0.53,0.36,-0.3208,17195.0,17132.0,-0.0037,9113.0,6168.0,-0.3232,107.0,167.0,0.5607
3243A - FACIAL CLEANSER TONIC,3243 - FACIAL CLEANSER TONIC,PERSONAL CARE,1.06,1.06,0.0,111.0,119.0,0.0721,0.55,0.38,-0.3091,20559.0,22508.0,0.0948,11307.0,8553.0,-0.2436,203.0,313.0,0.5419
3244B - MICELLAR WATER,3244 - CLEANSER,PERSONAL CARE,1.07,1.08,0.0093,321.5,319.33,-0.0067,0.61,0.38,-0.377,39238.0,40158.0,0.0234,23935.0,15260.0,-0.3624,527.0,834.0,0.5825
3245A - MOISTURIZER 10-25G,3245 - MOISTURIZER,PERSONAL CARE,1.09,1.13,0.0367,66.5,60.0,-0.0977,0.56,0.39,-0.3036,37027.0,39641.0,0.0706,20735.0,15460.0,-0.2544,119.0,155.0,0.3025
3245B - MOISTURIZER 30-60G,3245 - MOISTURIZER,PERSONAL CARE,1.06,1.08,0.0189,134.0,148.67,0.1095,0.54,0.4,-0.2593,53099.0,54175.0,0.0203,28673.0,21670.0,-0.2442,247.0,369.0,0.4939
3245C - MOISTURIZER 75-100G,3245 - MOISTURIZER,PERSONAL CARE,1.0,1.0,0.0,0.5,1.0,1.0,0.5,0.33,-0.34,41800.0,42967.0,0.0279,20900.0,14179.0,-0.3216,1.0,3.0,2.0
3246A - PEEL MASK,3246 - FACE MASK,PERSONAL CARE,1.0,1.04,0.04,22.5,28.33,0.2591,0.54,0.38,-0.2963,66944.0,59856.0,-0.1059,36150.0,22745.0,-0.3708,42.0,75.0,0.7857
3246B - SHEET MASK,3246 - FACE MASK,PERSONAL CARE,5.0,4.55,-0.09,2.0,6.67,2.335,0.5,0.42,-0.16,108350.0,38330.0,-0.6462,54175.0,16099.0,-0.7028,4.0,16.0,3.0
3247A - ANTI ACNE,3247 - ANTI ACNE,PERSONAL CARE,1.0,1.1,0.1,6.0,6.67,0.1117,0.55,0.42,-0.2364,27933.0,35135.0,0.2578,15363.0,14757.0,-0.0394,11.0,16.0,0.4545
3247B - ANTI ACNE PLESTER,3247 - ANTI ACNE,PERSONAL CARE,1.24,1.32,0.0645,133.0,141.67,0.0652,0.64,0.45,-0.2969,24061.0,25536.0,0.0613,15399.0,11491.0,-0.2538,207.0,313.0,0.5121
3248A - MEN FACIAL WASH SOAP 40-90G,3248 - MEN FACIAL FOAM SOAP,PERSONAL CARE,1.03,1.0,-0.0291,15.5,9.67,-0.3761,0.5,0.35,-0.3,29832.0,30421.0,0.0197,14916.0,10647.0,-0.2862,31.0,28.0,-0.0968
3248B - MEN FACIAL WASH SOAP 100-150G,3248 - MEN FACIAL FOAM SOAP,PERSONAL CARE,1.07,1.08,0.0093,353.5,333.67,-0.0561,0.56,0.4,-0.2857,44600.0,45569.0,0.0217,24976.0,18228.0,-0.2702,631.0,843.0,0.336
3249A - SERUM ESSENCE,3249 - SERUM ESSENCE,PERSONAL CARE,1.09,1.07,-0.0183,54.0,60.33,0.1172,0.58,0.42,-0.2759,45712.0,45606.0,-0.0023,26513.0,19155.0,-0.2775,93.0,145.0,0.5591
3251A - BODY LOTION 100-150ML,3251 - BODY LOTION,PERSONAL CARE,1.03,1.0,-0.0291,15.5,20.33,0.3116,0.52,0.35,-0.3269,28652.0,20864.0,-0.2718,14899.0,7302.0,-0.5099,30.0,58.0,0.9333
3251B - BODY LOTION 180-250ML,3251 - BODY LOTION,PERSONAL CARE,1.11,1.11,0.0,464.0,453.67,-0.0223,0.56,0.39,-0.3036,25106.0,25551.0,0.0177,14059.0,9965.0,-0.2912,835.0,1173.0,0.4048
3251C - BODY LOTION 300-600ML,3251 - BODY LOTION,PERSONAL CARE,1.39,1.24,-0.1079,162.0,182.0,0.1235,0.53,0.39,-0.2642,29852.0,25123.0,-0.1584,15822.0,9798.0,-0.3807,305.0,472.0,0.5475
3251E - BODY MASSAGE,3251 - BODY LOTION,PERSONAL CARE,1.01,1.08,0.0693,84.0,75.33,-0.1032,0.57,0.4,-0.2982,24543.0,26450.0,0.0777,13990.0,10580.0,-0.2437,147.0,190.0,0.2925
3251F - BODY TREATMENT,3251 - BODY LOTION,PERSONAL CARE,1.04,1.02,-0.0192,26.5,30.0,0.1321,0.51,0.34,-0.3333,50321.0,47930.0,-0.0475,25664.0,16296.0,-0.365,52.0,87.0,0.6731
3252A - BODY SERUM 100-150ML,3252 - BODY SERUM,PERSONAL CARE,1.0,1.0,0.0,21.5,20.67,-0.0386,0.55,0.4,-0.2727,34300.0,35945.0,0.048,18865.0,14378.0,-0.2378,39.0,52.0,0.3333
3252B - BODY SERUM 180-250ML,3252 - BODY SERUM,PERSONAL CARE,1.09,1.14,0.0459,121.0,164.67,0.3609,0.53,0.38,-0.283,43992.0,47612.0,0.0823,23316.0,18093.0,-0.224,230.0,439.0,0.9087
3252C - BODY SERUM 300-600ML,3252 - BODY SERUM,PERSONAL CARE,,1.0,,,1.0,,,0.33,,,62500.0,,,20625.0,,,3.0,
3253A - BODY SCRUB,3253 - BODY SCRUB,PERSONAL CARE,1.09,1.07,-0.0183,224.0,199.33,-0.1101,0.55,0.37,-0.3273,21473.0,22025.0,0.0257,11810.0,8149.0,-0.31,408.0,538.0,0.3186
3257A - SUNBLOCK,3257 - SUNBLOCK,PERSONAL CARE,1.0,1.0,0.0,0.5,1.33,1.66,0.5,0.33,-0.34,53900.0,58300.0,0.0816,26950.0,19239.0,-0.2861,1.0,4.0,3.0
3261A - FOUNDATION,3261 - FOUNDATION,PERSONAL CARE,1.0,1.0,0.0,12.0,9.0,-0.25,0.5,0.33,-0.34,71500.0,63848.0,-0.107,35750.0,21070.0,-0.4106,24.0,27.0,0.125
3262A - COMPACT POWDER,3262 - COMPACT POWDER,PERSONAL CARE,1.15,1.12,-0.0261,23.0,26.0,0.1304,0.52,0.37,-0.2885,34111.0,23217.0,-0.3194,17738.0,8590.0,-0.5157,44.0,70.0,0.5909
3262B - REFFIL COMPACT POWDER,3262 - COMPACT POWDER,PERSONAL CARE,1.0,1.0,0.0,14.0,13.67,-0.0236,0.5,0.33,-0.34,39346.0,38898.0,-0.0114,19673.0,12836.0,-0.3475,28.0,41.0,0.4643
3262C - LOOSE POWDER,3262 - COMPACT POWDER,PERSONAL CARE,1.23,1.03,-0.1626,15.5,12.33,-0.2045,0.52,0.34,-0.3462,37494.0,31919.0,-0.1487,19497.0,10852.0,-0.4434,30.0,36.0,0.2
3264A - EYE,3264 - EYE,PERSONAL CARE,1.14,1.11,-0.0263,25.5,27.67,0.0851,0.53,0.35,-0.3396,50188.0,66271.0,0.3205,26600.0,23195.0,-0.128,48.0,78.0,0.625
3265A - LIPS,3265 - LIPS,PERSONAL CARE,1.1,1.14,0.0364,24.5,19.67,-0.1971,0.52,0.35,-0.3269,47378.0,52203.0,0.1018,24637.0,18271.0,-0.2584,47.0,57.0,0.2128
3265B - LIP BALM,3265 - LIPS,PERSONAL CARE,1.05,1.02,-0.0286,30.5,34.0,0.1148,0.54,0.34,-0.3704,34272.0,33443.0,-0.0242,18507.0,11371.0,-0.3856,57.0,101.0,0.7719
3266A - NAIL,3266 - NAIL,PERSONAL CARE,1.0,,,1.5,,,0.5,,,30500.0,,,15250.0,,,3.0,,
3281A - RAZOR,3281 - RAZOR,PERSONAL CARE,1.05,1.03,-0.019,10.5,10.33,-0.0162,0.5,0.33,-0.34,41114.0,34677.0,-0.1566,20557.0,11443.0,-0.4434,21.0,31.0,0.4762
3282A - DISPOSABLE RAZOR,3282 - DISPOSABLE RAZOR,PERSONAL CARE,1.03,1.03,0.0,332.0,335.67,0.0111,0.53,0.36,-0.3208,20065.0,19532.0,-0.0266,10634.0,7032.0,-0.3387,630.0,926.0,0.4698
3283A - REFILL RAZOR,3283 - REFILL RAZOR,PERSONAL CARE,1.0,1.03,0.03,19.5,26.33,0.3503,0.51,0.37,-0.2745,26428.0,27777.0,0.051,13478.0,10277.0,-0.2375,38.0,71.0,0.8684
3284A - SHAVING CARE,3284 - SHAVING CARE,PERSONAL CARE,1.0,1.0,0.0,3.0,3.67,0.2233,0.5,0.33,-0.34,46900.0,50082.0,0.0678,23450.0,16527.0,-0.2952,6.0,11.0,0.8333
3331A - BEAUTY COTTON,3331 - BEAUTY COTTON,PERSONAL CARE,1.08,1.07,-0.0093,851.0,845.33,-0.0067,0.58,0.4,-0.3103,12273.0,12228.0,-0.0037,7118.0,4891.0,-0.3129,1479.0,2124.0,0.4361
4271A - BATHROOM ACCESSORIES,4271 - BATHROOM ACCESSORIES,PERSONAL CARE,1.0,1.04,0.04,35.0,35.0,0.0,0.53,0.35,-0.3396,16306.0,17150.0,0.0518,8642.0,6002.0,-0.3055,66.0,100.0,0.5152
1511A - RICE BAG 1-3KG,1511 - RICE,STAPLE NEED,1.24,1.13,-0.0887,714.5,128.0,-0.8209,0.71,0.41,-0.4225,49010.0,48244.0,-0.0156,34797.0,19780.0,-0.4316,1000.0,312.0,-0.688
1511B - RICE BAG 5KG,1511 - RICE,STAPLE NEED,1.26,1.25,-0.0079,5740.5,2430.0,-0.5767,0.91,0.5,-0.4505,94029.0,93831.0,-0.0021,85566.0,46916.0,-0.4517,6331.0,4840.0,-0.2355
1512C - SUGAR BAG 1KG,1512 - SUGAR,STAPLE NEED,1.72,1.87,0.0872,4982.5,5153.0,0.0342,0.93,0.7,-0.2473,30081.0,32554.0,0.0822,27975.0,22788.0,-0.1854,5358.0,7408.0,0.3826
1512E - OTHERS SUGAR,1512 - SUGAR,STAPLE NEED,1.07,1.08,0.0093,149.0,139.67,-0.0626,0.57,0.4,-0.2982,19276.0,19186.0,-0.0047,10987.0,7674.0,-0.3015,260.0,350.0,0.3462
1513A - FLOUR,1513 - FLOUR,STAPLE NEED,1.13,1.17,0.0354,657.5,734.67,0.1174,0.59,0.43,-0.2712,17121.0,17780.0,0.0385,10101.0,7645.0,-0.2431,1122.0,1697.0,0.5125
1513B - OTHER FLOUR,1513 - FLOUR,STAPLE NEED,1.21,1.22,0.0083,675.5,735.67,0.0891,0.58,0.42,-0.2759,12230.0,12213.0,-0.0014,7093.0,5129.0,-0.2769,1174.0,1763.0,0.5017
1521B - PALM COOKING OIL POUCH 900-1000ML,1521 - PALM COOKING OIL,STAPLE NEED,1.12,1.16,0.0357,549.0,867.0,0.5792,0.6,0.46,-0.2333,23185.0,23719.0,0.023,13911.0,10911.0,-0.2157,909.0,1898.0,1.088
1521C - PALM COOKING OIL POUCH 1800-2000ML,1521 - PALM COOKING OIL,STAPLE NEED,1.41,1.43,0.0142,5055.5,5809.67,0.1492,0.79,0.63,-0.2025,58356.0,59209.0,0.0146,46101.0,37302.0,-0.1909,6422.0,9243.0,0.4393
1521F - PALM COOKING OIL BOTTLE 800-1000ML,1521 - PALM COOKING OIL,STAPLE NEED,1.14,1.17,0.0263,935.0,681.67,-0.2709,0.65,0.45,-0.3077,23668.0,24462.0,0.0335,15384.0,11008.0,-0.2845,1438.0,1526.0,0.0612
1521G - PALM COOKING OIL BOTTLE 2L,1521 - PALM COOKING OIL,STAPLE NEED,1.3,1.31,0.0077,1485.5,1481.0,-0.003,0.69,0.52,-0.2464,53820.0,54031.0,0.0039,37136.0,28096.0,-0.2434,2159.0,2869.0,0.3289
1522A - OTHERS COOKING OIL,1522 - OTHER COOKING OIL,STAPLE NEED,1.32,1.23,-0.0682,75.0,43.67,-0.4177,0.59,0.41,-0.3051,85070.0,86388.0,0.0155,50191.0,35419.0,-0.2943,128.0,107.0,-0.1641
1523A - MARGARINE & BUTTER CUP 250-350G,1523 - MARGARINE & BUTTER,STAPLE NEED,1.15,1.1,-0.0435,330.5,318.67,-0.0358,0.55,0.39,-0.2909,14764.0,15259.0,0.0335,8120.0,5951.0,-0.2671,605.0,821.0,0.357
1523B - MARGARINE & BUTTER BAG 200G,1523 - MARGARINE & BUTTER,STAPLE NEED,1.36,1.39,0.0221,1756.0,2106.33,0.1995,0.63,0.48,-0.2381,12030.0,11656.0,-0.0311,7579.0,5595.0,-0.2618,2776.0,4426.0,0.5944
1531A - SEED & BEAN SACHET 40-90G,1531 - SEED & BEAN,STAPLE NEED,1.35,1.28,-0.0519,41.0,37.33,-0.0895,0.54,0.41,-0.2407,13572.0,12891.0,-0.0502,7329.0,5285.0,-0.2789,76.0,90.0,0.1842
1531B - SEED & BEAN BAG 100-250G,1531 - SEED & BEAN,STAPLE NEED,1.11,1.09,-0.018,46.5,45.67,-0.0178,0.54,0.39,-0.2778,12357.0,12155.0,-0.0163,6673.0,4740.0,-0.2897,86.0,117.0,0.3605
1531C - SEED & BEAN BAG 400-1000G,1531 - SEED & BEAN,STAPLE NEED,1.29,1.07,-0.1705,3.5,9.0,1.5714,0.58,0.5,-0.1379,26086.0,22237.0,-0.1476,15130.0,11118.0,-0.2652,6.0,18.0,2.0
1532A - SUNDRIED CRACKER,1532 - SUNDRIED CRACKER,STAPLE NEED,1.13,1.21,0.0708,52.0,45.0,-0.1346,0.64,0.45,-0.2969,12971.0,10513.0,-0.1895,8301.0,4731.0,-0.4301,81.0,101.0,0.2469
1611A - JELLY POWDER 7-35G,1611 - POWDER JELLY,STAPLE NEED,1.92,2.0,0.0417,507.5,560.33,0.1041,0.59,0.42,-0.2881,12294.0,13055.0,0.0619,7253.0,5483.0,-0.244,864.0,1330.0,0.5394
1612A - PROCESSED PUDDING,1612 - PROCESSED PUDDING,STAPLE NEED,1.66,1.64,-0.012,661.0,679.67,0.0282,0.6,0.42,-0.3,20179.0,20677.0,0.0247,12107.0,8684.0,-0.2827,1100.0,1604.0,0.4582
1621A - ESSENCE 20-90G,1621 - ESSENCE,STAPLE NEED,1.09,1.13,0.0367,116.5,98.0,-0.1588,0.53,0.36,-0.3208,10827.0,11132.0,0.0282,5738.0,4008.0,-0.3015,219.0,274.0,0.2511
1622A - COLOURING & FLAVOURING 90G,1622 - COLOURING & FLAVOURING,STAPLE NEED,1.1,1.15,0.0455,99.0,95.33,-0.0371,0.58,0.4,-0.3103,27352.0,27883.0,0.0194,15864.0,11153.0,-0.297,172.0,241.0,0.4012
1623A - BAKING POWDER,1623 - BAKING POWDER,STAPLE NEED,1.15,1.16,0.0087,185.5,177.33,-0.044,0.53,0.35,-0.3396,7920.0,8165.0,0.0309,4198.0,2858.0,-0.3192,348.0,508.0,0.4598
1624A - INSTANT CAKE,1624 - INSTANT PROCESS FOOD,STAPLE NEED,1.15,1.2,0.0435,104.5,91.33,-0.126,0.58,0.4,-0.3103,19408.0,20091.0,0.0352,11257.0,8036.0,-0.2861,180.0,229.0,0.2722
1625A - COCONUT MILK LIQUID 65-100ML,1625 - COCONUT MILK,STAPLE NEED,2.42,2.09,-0.1364,1669.5,1317.33,-0.2109,0.69,0.51,-0.2609,13863.0,11815.0,-0.1477,9565.0,6026.0,-0.37,2429.0,2558.0,0.0531
1625B - COCONUT MILK LIQUID 180-200ML,1625 - COCONUT MILK,STAPLE NEED,1.32,1.37,0.0379,198.5,187.0,-0.0579,0.6,0.42,-0.3,26320.0,27434.0,0.0423,15792.0,11522.0,-0.2704,330.0,445.0,0.3485
1625C - COCONUT MILK POWDER 20-25G,1625 - COCONUT MILK,STAPLE NEED,1.25,1.25,0.0,219.5,217.0,-0.0114,0.59,0.42,-0.2881,15214.0,15284.0,0.0046,8976.0,6419.0,-0.2849,372.0,521.0,0.4005
1711A - MSG ( MONO SODIUM GLUTAMATE ) 50-150G,1711 - MSG ( MONO SODIUM GLUTAMATE ),STAPLE NEED,1.23,1.25,0.0163,345.5,358.33,0.0371,0.65,0.46,-0.2923,7060.0,7061.0,0.0001,4589.0,3248.0,-0.2922,533.0,774.0,0.4522
1711B - MSG ( MONO SODIUM GLUTAMATE ) 250-500G,1711 - MSG ( MONO SODIUM GLUTAMATE ),STAPLE NEED,1.06,1.09,0.0283,86.5,95.0,0.0983,0.58,0.44,-0.2414,16968.0,17484.0,0.0304,9841.0,7693.0,-0.2183,149.0,217.0,0.4564
1712A - SALT,1712 - SALT,STAPLE NEED,1.06,1.08,0.0189,563.5,547.0,-0.0293,0.56,0.39,-0.3036,11024.0,10904.0,-0.0109,6173.0,4253.0,-0.311,1014.0,1392.0,0.3728
1713A - SPICES,1713 - SPICES,STAPLE NEED,1.21,1.21,0.0,241.0,231.0,-0.0415,0.57,0.38,-0.3333,11823.0,14434.0,0.2208,6739.0,5485.0,-0.1861,423.0,602.0,0.4232
1714A - STOCK SOUP SACHET,1714 - STOCK SOUP,STAPLE NEED,1.29,1.32,0.0233,729.0,654.33,-0.1024,0.65,0.48,-0.2615,8378.0,9017.0,0.0763,5446.0,4328.0,-0.2053,1119.0,1362.0,0.2172
1714B - STOCK SOUP 100-250G,1714 - STOCK SOUP,STAPLE NEED,1.23,1.21,-0.0163,844.5,835.67,-0.0105,0.64,0.47,-0.2656,12615.0,12650.0,0.0028,8074.0,5946.0,-0.2636,1314.0,1779.0,0.3539
1715A - FRIED MEAL MAKER,1715 - MEAL MAKER,STAPLE NEED,1.91,1.82,-0.0471,427.5,384.0,-0.1018,0.58,0.4,-0.3103,5673.0,6465.0,0.1396,3290.0,2586.0,-0.214,732.0,960.0,0.3115
1715B - SOUP MEAL MAKER POWDER,1715 - MEAL MAKER,STAPLE NEED,1.61,1.58,-0.0186,129.5,97.0,-0.251,0.54,0.37,-0.3148,5685.0,5370.0,-0.0554,3070.0,1987.0,-0.3528,238.0,264.0,0.1092
1715C - SOUP MEAL MAKER PASTE,1715 - MEAL MAKER,STAPLE NEED,1.48,1.48,0.0,499.5,335.0,-0.3293,0.57,0.41,-0.2807,12605.0,13513.0,0.072,7185.0,5540.0,-0.2289,877.0,825.0,-0.0593
1715D - FRIED RICE MEAL MAKER POWDER,1715 - MEAL MAKER,STAPLE NEED,1.61,1.63,0.0124,328.5,320.67,-0.0238,0.58,0.4,-0.3103,5132.0,5102.0,-0.0058,2977.0,2041.0,-0.3144,571.0,795.0,0.3923
1715E - FRIED RICE MEAL MAKER PASTE,1715 - MEAL MAKER,STAPLE NEED,1.59,1.41,-0.1132,43.5,40.0,-0.0805,0.52,0.4,-0.2308,10532.0,10560.0,0.0027,5477.0,4224.0,-0.2288,83.0,100.0,0.2048
1716A - FLOUR SEASONING,1716 - FLOUR SEASONING,STAPLE NEED,1.34,1.35,0.0075,517.5,600.67,0.1607,0.59,0.44,-0.2542,10016.0,10077.0,0.0061,5909.0,4434.0,-0.2496,881.0,1380.0,0.5664
1716B - SPECIFIC FLOUR SEASONING,1716 - FLOUR SEASONING,STAPLE NEED,1.4,1.46,0.0429,754.5,756.0,0.002,0.59,0.42,-0.2881,10752.0,11358.0,0.0564,6344.0,4770.0,-0.2481,1280.0,1787.0,0.3961
1717A - SHRIMP PASTE,"1717 - SHRIMP PASTE, PEANUT SAUCE AND OTHER",STAPLE NEED,1.0,1.02,0.02,56.0,42.33,-0.2441,0.51,0.36,-0.2941,8830.0,9419.0,0.0667,4503.0,3391.0,-0.2469,109.0,119.0,0.0917
1717B - PEANUT SAUCE,"1717 - SHRIMP PASTE, PEANUT SAUCE AND OTHER",STAPLE NEED,1.1,1.12,0.0182,39.0,49.0,0.2564,0.52,0.36,-0.3077,10350.0,8755.0,-0.1541,5382.0,3152.0,-0.4143,75.0,137.0,0.8267
1717C - OTHER SEASONING (TOPING),"1717 - SHRIMP PASTE, PEANUT SAUCE AND OTHER",STAPLE NEED,1.26,1.18,-0.0635,50.5,48.67,-0.0362,0.62,0.41,-0.3387,14486.0,12028.0,-0.1697,8981.0,4931.0,-0.451,82.0,118.0,0.439
1721A - CHILLI PET 120-200ML,1721 - CHILLI,STAPLE NEED,1.54,1.26,-0.1818,676.0,691.33,0.0227,0.54,0.39,-0.2778,13234.0,10970.0,-0.1711,7146.0,4278.0,-0.4013,1247.0,1792.0,0.437
1721B - CHILLI PET & BOTTLE 235-275ML,1721 - CHILLI,STAPLE NEED,1.09,1.07,-0.0183,905.5,987.67,0.0907,0.57,0.4,-0.2982,16781.0,16485.0,-0.0176,9565.0,6594.0,-0.3106,1591.0,2449.0,0.5393
1721D - CHILLI PACK,1721 - CHILLI,STAPLE NEED,1.18,1.21,0.0254,158.0,219.67,0.3903,0.57,0.41,-0.2807,13596.0,15260.0,0.1224,7750.0,6257.0,-0.1926,279.0,536.0,0.9211
1721E - TRADITIONAL CHILLI,1721 - CHILLI,STAPLE NEED,1.08,1.08,0.0,206.0,189.0,-0.0825,0.55,0.39,-0.2909,18481.0,18535.0,0.0029,10165.0,7229.0,-0.2888,375.0,488.0,0.3013
1721F - POWDER CHILLI,1721 - CHILLI,STAPLE NEED,1.09,1.11,0.0183,296.0,411.67,0.3908,0.55,0.4,-0.2727,15265.0,15619.0,0.0232,8396.0,6248.0,-0.2558,535.0,1024.0,0.914
1721H - CHILLI PET & BOTTLE 300-400ML,1721 - CHILLI,STAPLE NEED,1.09,1.16,0.0642,621.5,518.33,-0.166,0.56,0.4,-0.2857,20585.0,22408.0,0.0886,11528.0,8963.0,-0.2225,1111.0,1307.0,0.1764
1722A - TOMATO PET 130-140ML,1722 - TOMATO,STAPLE NEED,1.04,1.04,0.0,34.0,22.33,-0.3432,0.54,0.35,-0.3519,9251.0,9345.0,0.0102,4996.0,3271.0,-0.3453,63.0,64.0,0.0159
1722B - TOMATO BOTTLE 275-340ML,1722 - TOMATO,STAPLE NEED,1.06,1.05,-0.0094,327.0,342.33,0.0469,0.54,0.37,-0.3148,13072.0,13270.0,0.0151,7059.0,4910.0,-0.3044,602.0,923.0,0.5332
1722C - TOMATO SACHET,1722 - TOMATO,STAPLE NEED,1.18,1.22,0.0339,107.0,147.0,0.3738,0.56,0.41,-0.2679,8150.0,8008.0,-0.0174,4564.0,3283.0,-0.2807,191.0,361.0,0.8901
1722D - STEAK & PASTA SAUCE,1722 - TOMATO,STAPLE NEED,1.2,1.19,-0.0083,500.5,470.67,-0.0596,0.58,0.4,-0.3103,17959.0,18336.0,0.021,10416.0,7334.0,-0.2959,868.0,1164.0,0.341
1723A - SOY SAUCE PET 130-250ML,1723 - SOY SAUCE,STAPLE NEED,1.17,1.19,0.0171,669.5,843.67,0.2601,0.55,0.41,-0.2545,11294.0,11830.0,0.0475,6212.0,4850.0,-0.2193,1213.0,2083.0,0.7172
1723B - SOY SAUCE BOTTLE 275-340ML,1723 - SOY SAUCE,STAPLE NEED,1.1,1.12,0.0182,548.0,631.0,0.1515,0.55,0.41,-0.2545,19849.0,19222.0,-0.0316,10917.0,7881.0,-0.2781,988.0,1556.0,0.5749
1723C - SOY SAUCE 500-600ML,1723 - SOY SAUCE,STAPLE NEED,1.86,1.79,-0.0376,1690.0,1578.0,-0.0663,0.67,0.49,-0.2687,46083.0,44018.0,-0.0448,30876.0,21569.0,-0.3014,2510.0,3243.0,0.292
1724A - LIQUID SAUCE SACHET,1724 - LIQUID SAUCE & VINEGAR,STAPLE NEED,1.18,1.19,0.0085,53.0,44.0,-0.1698,0.54,0.37,-0.3148,4027.0,4067.0,0.0099,2175.0,1505.0,-0.308,98.0,119.0,0.2143
1724B - LIQUID SAUCE BOTTLE,1724 - LIQUID SAUCE & VINEGAR,STAPLE NEED,1.18,1.14,-0.0339,895.5,981.33,0.0958,0.56,0.42,-0.25,22073.0,20378.0,-0.0768,12361.0,8559.0,-0.3076,1598.0,2352.0,0.4718
1724C - VINEGAR,1724 - LIQUID SAUCE & VINEGAR,STAPLE NEED,1.11,1.19,0.0721,66.5,70.67,0.0627,0.52,0.35,-0.3269,5699.0,6201.0,0.0881,2963.0,2170.0,-0.2676,129.0,202.0,0.5659
1725B - DRESSING SACHET 50-150G,1725 - DRESSING,STAPLE NEED,1.7,1.76,0.0353,447.5,591.0,0.3207,0.57,0.41,-0.2807,12893.0,13373.0,0.0372,7349.0,5483.0,-0.2539,782.0,1425.0,0.8223
1725C - DRESSING BOTTLE,1725 - DRESSING,STAPLE NEED,1.05,1.06,0.0095,120.0,144.67,0.2056,0.52,0.37,-0.2885,38559.0,38604.0,0.0012,20051.0,14283.0,-0.2877,229.0,389.0,0.6987
1811A - CANNED MEAT 180-200G,1811 - CANNED MEAT,STAPLE NEED,1.07,1.05,-0.0187,118.5,136.33,0.1505,0.54,0.39,-0.2778,23983.0,24405.0,0.0176,12951.0,9518.0,-0.2651,221.0,347.0,0.5701
1811B - CANNED MEAT 325-400G,1811 - CANNED MEAT,STAPLE NEED,1.02,1.03,0.0098,22.5,20.0,-0.1111,0.52,0.35,-0.3269,41204.0,43025.0,0.0442,21426.0,15059.0,-0.2972,43.0,57.0,0.3256
1811C - CANNED MEAT SAC,1811 - CANNED MEAT,STAPLE NEED,1.23,1.24,0.0081,112.5,109.67,-0.0252,0.54,0.37,-0.3148,11160.0,11574.0,0.0371,6026.0,4282.0,-0.2894,210.0,297.0,0.4143
1812A - CANNED SEAFOOD SARDINES 100-200G,1812 - CANNED SEAFOOD,STAPLE NEED,1.46,1.41,-0.0342,684.5,635.0,-0.0723,0.59,0.4,-0.322,17201.0,17185.0,-0.0009,10149.0,6874.0,-0.3227,1164.0,1570.0,0.3488
1812B - CANNED SEAFOOD SARDINES 300-500G,1812 - CANNED SEAFOOD,STAPLE NEED,1.17,1.16,-0.0085,178.0,226.0,0.2697,0.55,0.38,-0.3091,34500.0,33786.0,-0.0207,18975.0,12839.0,-0.3234,324.0,600.0,0.8519
1812D - CANNED SEAFOOD MACKEREL 300-500G,1812 - CANNED SEAFOOD,STAPLE NEED,1.12,1.06,-0.0536,48.0,56.67,0.1806,0.54,0.37,-0.3148,34019.0,34441.0,0.0124,18370.0,12743.0,-0.3063,89.0,154.0,0.7303
1812E - CANNED SEAFOOD TUNA 100-200G,1812 - CANNED SEAFOOD,STAPLE NEED,1.09,1.15,0.055,45.5,38.33,-0.1576,0.6,0.41,-0.3167,28971.0,30649.0,0.0579,17383.0,12566.0,-0.2771,76.0,94.0,0.2368
1813A - CANNED VEGETABLE,1813 - CANNED VEGETABLE,STAPLE NEED,1.0,1.0,0.0,1.0,1.0,0.0,0.5,0.33,-0.34,11900.0,11300.0,-0.0504,5950.0,3729.0,-0.3733,2.0,3.0,0.5
1814A - CANNED FRUIT,1814 - CANNED FRUIT,STAPLE NEED,1.25,1.43,0.144,4.0,2.33,-0.4175,0.5,0.33,-0.34,35162.0,34871.0,-0.0083,17581.0,11507.0,-0.3455,8.0,7.0,-0.125
1821A - DRIED MEAT 50-125G,1821 - DRIED MEAT,STAPLE NEED,1.18,1.21,0.0254,114.5,118.0,0.0306,0.63,0.45,-0.2857,19413.0,19674.0,0.0134,12230.0,8853.0,-0.2761,181.0,263.0,0.453
1915A - PASTA,1915 - PASTA,STAPLE NEED,1.23,1.21,-0.0163,357.0,332.0,-0.07,0.59,0.39,-0.339,12618.0,12550.0,-0.0054,7445.0,4894.0,-0.3426,610.0,847.0,0.3885
1915B - INSTANT PASTA,1915 - PASTA,STAPLE NEED,2.85,2.76,-0.0316,1497.0,1769.0,0.1817,0.61,0.44,-0.2787,12676.0,12228.0,-0.0353,7732.0,5380.0,-0.3042,2438.0,4011.0,0.6452
1921A - INSTANT SOUP,1921 - INSTANT SOUP,STAPLE NEED,1.35,1.35,0.0,67.0,76.0,0.1343,0.56,0.39,-0.3036,13848.0,14068.0,0.0159,7755.0,5487.0,-0.2925,120.0,194.0,0.6167
1922A - INSTANT RICE,1922 - INSTANT RICE,STAPLE NEED,1.5,1.22,-0.1867,5.0,6.0,0.2,0.56,0.38,-0.3214,108600.0,57961.0,-0.4663,60816.0,22025.0,-0.6378,9.0,16.0,0.7778
